marketName,dates
Arakalgud APMC,"[{'arrivalDate': '07/08/2026', 'total_arrivals': 3.3000000000000003, 'data': [{'arrivals': 3.3000000000000003, 'variety': 'Tomato', 'minimumPrice': 1500.0, 'maximumPrice': 1500.0, 'modalPrice': 1500.0}]}, {'arrivalDate': '21/08/2026', 'total_arrivals': 2.5, 'data': [{'arrivals': 2.5, 'variety': 'Tomato', 'minimumPrice': 2000.0, 'maximumPrice': 2000.0, 'modalPrice': 2000.0}]}, {'arrivalDate': '28/08/2026', 'total_arrivals': 2.5, 'data': [{'arrivals': 2.5, 'variety': 'Tomato', 'minimumPrice': 2000.0, 'maximumPrice': 2000.0, 'modalPrice': 2000.0}]}]"
Arasikere APMC,"[{'arrivalDate': '03/08/2026', 'total_arrivals': 25.8, 'data': [{'arrivals': 25.8, 'variety': 'Tomato', 'minimumPrice': 1000.0, 'maximumPrice': 1000.0, 'modalPrice': 1000.0}]}, {'arrivalDate': '10/08/2026', 'total_arrivals': 16.3, 'data': [{'arrivals': 16.3, 'variety': 'Tomato', 'minimumPrice': 1000.0, 'maximumPrice': 1000.0, 'modalPrice': 1000.0}]}, {'arrivalDate': '17/08/2026', 'total_arrivals': 13.5, 'data': [{'arrivals': 13.5, 'variety': 'Tomato', 'minimumPrice': 1000.0, 'maximumPrice': 1500.0, 'modalPrice': 1000.0}]}, {'arrivalDate': '27/08/2026', 'total_arrivals': 28.5, 'data': [{'arrivals': 28.5, 'variety': 'Tomato', 'minimumPrice': 1000.0, 'maximumPrice': 1000.0, 'modalPrice': 1000.0}]}, {'arrivalDate': '31/08/2026', 'total_arrivals': 26.3, 'data': [{'arrivals': 26.3, 'variety': 'Tomato', 'minimumPrice': 800.0, 'maximumPrice': 1000.0, 'modalPrice': 1000.0}]}]"
Bagepalli APMC,"[{'arrivalDate': '01/08/2026', 'total_arrivals': 246.3, 'data': [{'arrivals': 246.3, 'variety': 'Tomato', 'minimumPrice': 230.0, 'maximumPrice': 1540.0, 'modalPrice': 1230.0}]}, {'arrivalDate': '02/08/2026', 'total_arrivals': 194.4, 'data': [{'arrivals': 194.4, 'variety': 'Tomato', 'minimumPrice': 230.0, 'maximumPrice': 1150.0, 'modalPrice': 770.0}]}, {'arrivalDate': '03/08/2026', 'total_arrivals': 239.0, 'data': [{'arrivals': 239.0, 'variety': 'Tomato', 'minimumPrice': 230.0, 'maximumPrice': 1300.0, 'modalPrice': 850.0}]}, {'arrivalDate': '04/08/2026', 'total_arrivals': 220.0, 'data': [{'arrivals': 220.0, 'variety': 'Tomato', 'minimumPrice': 230.0, 'maximumPrice': 1200.0, 'modalPrice': 800.0}]}, {'arrivalDate': '05/08/2026', 'total_arrivals': 231.0, 'data': [{'arrivals': 231.0, 'variety': 'Tomato', 'minimumPrice': 230.0, 'maximumPrice': 1220.0, 'modalPrice': 870.0}]}, {'arrivalDate': '06/08/2026', 'total_arrivals': 236.20000000000002, 'data': [{'arrivals': 236.20000000000002, 'variety': 'Tomato', 'minimumPrice': 230.0, 'maximumPrice': 1461.0, 'modalPrice': 1154.0}]}, {'arrivalDate': '07/08/2026', 'total_arrivals': 210.70000000000002, 'data': [{'arrivals': 210.70000000000002, 'variety': 'Tomato', 'minimumPrice': 615.0, 'maximumPrice': 1231.0, 'modalPrice': 846.0}]}, {'arrivalDate': '08/08/2026', 'total_arrivals': 197.9, 'data': [{'arrivals': 197.9, 'variety': 'Tomato', 'minimumPrice': 230.0, 'maximumPrice': 1538.0, 'modalPrice': 1154.0}]}, {'arrivalDate': '09/08/2026', 'total_arrivals': 193.0, 'data': [{'arrivals': 193.0, 'variety': 'Tomato', 'minimumPrice': 230.0, 'maximumPrice': 1600.0, 'modalPrice': 1200.0}]}, {'arrivalDate': '10/08/2026', 'total_arrivals': 205.0, 'data': [{'arrivals': 205.0, 'variety': 'Tomato', 'minimumPrice': 230.0, 'maximumPrice': 2300.0, 'modalPrice': 1400.0}]}, {'arrivalDate': '11/08/2026', 'total_arrivals': 207.0, 'data': [{'arrivals': 207.0, 'variety': 'Tomato', 'minimumPrice': 385.0, 'maximumPrice': 2700.0, 'modalPrice': 1500.0}]}, {'arrivalDate': '12/08/2026', 'total_arrivals': 189.0, 'data': [{'arrivals': 189.0, 'variety': 'Tomato', 'minimumPrice': 350.0, 'maximumPrice': 2800.0, 'modalPrice': 1600.0}]}, {'arrivalDate': '13/08/2026', 'total_arrivals': 224.5, 'data': [{'arrivals': 224.5, 'variety': 'Tomato', 'minimumPrice': 150.0, 'maximumPrice': 1770.0, 'modalPrice': 1150.0}]}, {'arrivalDate': '14/08/2026', 'total_arrivals': 225.5, 'data': [{'arrivals': 225.5, 'variety': 'Tomato', 'minimumPrice': 150.0, 'maximumPrice': 1920.0, 'modalPrice': 1230.0}]}, {'arrivalDate': '15/08/2026', 'total_arrivals': 230.0, 'data': [{'arrivals': 230.0, 'variety': 'Tomato', 'minimumPrice': 150.0, 'maximumPrice': 1950.0, 'modalPrice': 1300.0}]}, {'arrivalDate': '16/08/2026', 'total_arrivals': 235.0, 'data': [{'arrivals': 235.0, 'variety': 'Tomato', 'minimumPrice': 300.0, 'maximumPrice': 2200.0, 'modalPrice': 1700.0}]}, {'arrivalDate': '17/08/2026', 'total_arrivals': 210.0, 'data': [{'arrivals': 210.0, 'variety': 'Tomato', 'minimumPrice': 300.0, 'maximumPrice': 1800.0, 'modalPrice': 1200.0}]}, {'arrivalDate': '18/08/2026', 'total_arrivals': 215.0, 'data': [{'arrivals': 215.0, 'variety': 'Tomato', 'minimumPrice': 230.0, 'maximumPrice': 1760.0, 'modalPrice': 1230.0}]}, {'arrivalDate': '19/08/2026', 'total_arrivals': 209.0, 'data': [{'arrivals': 209.0, 'variety': 'Tomato', 'minimumPrice': 230.0, 'maximumPrice': 1540.0, 'modalPrice': 850.0}]}, {'arrivalDate': '20/08/2026', 'total_arrivals': 190.0, 'data': [{'arrivals': 190.0, 'variety': 'Tomato', 'minimumPrice': 150.0, 'maximumPrice': 1300.0, 'modalPrice': 1070.0}]}, {'arrivalDate': '21/08/2026', 'total_arrivals': 180.0, 'data': [{'arrivals': 180.0, 'variety': 'Tomato', 'minimumPrice': 230.0, 'maximumPrice': 1460.0, 'modalPrice': 1150.0}]}, {'arrivalDate': '22/08/2026', 'total_arrivals': 176.0, 'data': [{'arrivals': 176.0, 'variety': 'Tomato', 'minimumPrice': 150.0, 'maximumPrice': 1230.0, 'modalPrice': 770.0}]}, {'arrivalDate': '23/08/2026', 'total_arrivals': 181.0, 'data': [{'arrivals': 181.0, 'variety': 'Tomato', 'minimumPrice': 150.0, 'maximumPrice': 1230.0, 'modalPrice': 700.0}]}, {'arrivalDate': '24/08/2026', 'total_arrivals': 187.0, 'data': [{'arrivals': 187.0, 'variety': 'Tomato', 'minimumPrice': 230.0, 'maximumPrice': 2230.0, 'modalPrice': 1380.0}]}, {'arrivalDate': '25/08/2026', 'total_arrivals': 170.0, 'data': [{'arrivals': 170.0, 'variety': 'Tomato', 'minimumPrice': 230.0, 'maximumPrice': 2230.0, 'modalPrice': 1400.0}]}, {'arrivalDate': '26/08/2026', 'total_arrivals': 190.0, 'data': [{'arrivals': 190.0, 'variety': 'Tomato', 'minimumPrice': 230.0, 'maximumPrice': 1770.0, 'modalPrice': 1070.0}]}, {'arrivalDate': '27/08/2026', 'total_arrivals': 166.0, 'data': [{'arrivals': 166.0, 'variety': 'Tomato', 'minimumPrice': 230.0, 'maximumPrice': 1690.0, 'modalPrice': 1070.0}]}, {'arrivalDate': '28/08/2026', 'total_arrivals': 176.60000000000002, 'data': [{'arrivals': 176.60000000000002, 'variety': 'Tomato', 'minimumPrice': 230.0, 'maximumPrice': 1700.0, 'modalPrice': 1200.0}]}, {'arrivalDate': '29/08/2026', 'total_arrivals': 192.0, 'data': [{'arrivals': 192.0, 'variety': 'Tomato', 'minimumPrice': 230.0, 'maximumPrice': 1540.0, 'modalPrice': 1100.0}]}, {'arrivalDate': '30/08/2026', 'total_arrivals': 150.0, 'data': [{'arrivals': 150.0, 'variety': 'Tomato', 'minimumPrice': 230.0, 'maximumPrice': 1900.0, 'modalPrice': 1200.0}]}, {'arrivalDate': '31/08/2026', 'total_arrivals': 210.0, 'data': [{'arrivals': 210.0, 'variety': 'Tomato', 'minimumPrice': 230.0, 'maximumPrice': 1700.0, 'modalPrice': 1300.0}]}]"
Bangarpet APMC,"[{'arrivalDate': '01/08/2026', 'total_arrivals': 2.5, 'data': [{'arrivals': 2.5, 'variety': 'Tomato', 'minimumPrice': 800.0, 'maximumPrice': 1500.0, 'modalPrice': 1000.0}]}, {'arrivalDate': '03/08/2026', 'total_arrivals': 5.5, 'data': [{'arrivals': 5.5, 'variety': 'Tomato', 'minimumPrice': 700.0, 'maximumPrice': 1500.0, 'modalPrice': 1000.0}]}, {'arrivalDate': '04/08/2026', 'total_arrivals': 2.5, 'data': [{'arrivals': 2.5, 'variety': 'Tomato', 'minimumPrice': 500.0, 'maximumPrice': 1000.0, 'modalPrice': 800.0}]}, {'arrivalDate': '05/08/2026', 'total_arrivals': 2.9000000000000004, 'data': [{'arrivals': 2.9000000000000004, 'variety': 'Tomato', 'minimumPrice': 500.0, 'maximumPrice': 1000.0, 'modalPrice': 800.0}]}, {'arrivalDate': '06/08/2026', 'total_arrivals': 5.5, 'data': [{'arrivals': 5.5, 'variety': 'Tomato', 'minimumPrice': 300.0, 'maximumPrice': 1000.0, 'modalPrice': 700.0}]}, {'arrivalDate': '07/08/2026', 'total_arrivals': 2.7, 'data': [{'arrivals': 2.7, 'variety': 'Tomato', 'minimumPrice': 300.0, 'maximumPrice': 1000.0, 'modalPrice': 700.0}]}, {'arrivalDate': '08/08/2026', 'total_arrivals': 2.7, 'data': [{'arrivals': 2.7, 'variety': 'Tomato', 'minimumPrice': 400.0, 'maximumPrice': 1000.0, 'modalPrice': 700.0}]}, {'arrivalDate': '10/08/2026', 'total_arrivals': 5.2, 'data': [{'arrivals': 5.2, 'variety': 'Tomato', 'minimumPrice': 300.0, 'maximumPrice': 1000.0, 'modalPrice': 800.0}]}, {'arrivalDate': '11/08/2026', 'total_arrivals': 3.2, 'data': [{'arrivals': 3.2, 'variety': 'Tomato', 'minimumPrice': 500.0, 'maximumPrice': 1000.0, 'modalPrice': 800.0}]}, {'arrivalDate': '12/08/2026', 'total_arrivals': 2.5, 'data': [{'arrivals': 2.5, 'variety': 'Tomato', 'minimumPrice': 500.0, 'maximumPrice': 1500.0, 'modalPrice': 1200.0}]}, {'arrivalDate': '13/08/2026', 'total_arrivals': 15.0, 'data': [{'arrivals': 15.0, 'variety': 'Tomato', 'minimumPrice': 500.0, 'maximumPrice': 1000.0, 'modalPrice': 800.0}]}, {'arrivalDate': '14/08/2026', 'total_arrivals': 2.9000000000000004, 'data': [{'arrivals': 2.9000000000000004, 'variety': 'Tomato', 'minimumPrice': 500.0, 'maximumPrice': 1500.0, 'modalPrice': 1000.0}]}, {'arrivalDate': '15/08/2026', 'total_arrivals': 2.5, 'data': [{'arrivals': 2.5, 'variety': 'Tomato', 'minimumPrice': 1000.0, 'maximumPrice': 2000.0, 'modalPrice': 1500.0}]}, {'arrivalDate': '17/08/2026', 'total_arrivals': 5.5, 'data': [{'arrivals': 5.5, 'variety': 'Tomato', 'minimumPrice': 700.0, 'maximumPrice': 1500.0, 'modalPrice': 1000.0}]}, {'arrivalDate': '18/08/2026', 'total_arrivals': 2.2, 'data': [{'arrivals': 2.2, 'variety': 'Tomato', 'minimumPrice': 800.0, 'maximumPrice': 1300.0, 'modalPrice': 1000.0}]}, {'arrivalDate': '19/08/2026', 'total_arrivals': 2.8000000000000003, 'data': [{'arrivals': 2.8000000000000003, 'variety': 'Tomato', 'minimumPrice': 500.0, 'maximumPrice': 1000.0, 'modalPrice': 800.0}]}, {'arrivalDate': '20/08/2026', 'total_arrivals': 2.9000000000000004, 'data': [{'arrivals': 2.9000000000000004, 'variety': 'Tomato', 'minimumPrice': 300.0, 'maximumPrice': 1000.0, 'modalPrice': 700.0}]}, {'arrivalDate': '21/08/2026', 'total_arrivals': 3.0, 'data': [{'arrivals': 3.0, 'variety': 'Tomato', 'minimumPrice': 300.0, 'maximumPrice': 1500.0, 'modalPrice': 700.0}]}, {'arrivalDate': '22/08/2026', 'total_arrivals': 3.2, 'data': [{'arrivals': 3.2, 'variety': 'Tomato', 'minimumPrice': 500.0, 'maximumPrice': 1000.0, 'modalPrice': 800.0}]}, {'arrivalDate': '24/08/2026', 'total_arrivals': 4.5, 'data': [{'arrivals': 4.5, 'variety': 'Tomato', 'minimumPrice': 300.0, 'maximumPrice': 1500.0, 'modalPrice': 500.0}]}, {'arrivalDate': '25/08/2026', 'total_arrivals': 2.5, 'data': [{'arrivals': 2.5, 'variety': 'Tomato', 'minimumPrice': 300.0, 'maximumPrice': 1000.0, 'modalPrice': 700.0}]}, {'arrivalDate': '26/08/2026', 'total_arrivals': 3.2, 'data': [{'arrivals': 3.2, 'variety': 'Tomato', 'minimumPrice': 500.0, 'maximumPrice': 1000.0, 'modalPrice': 800.0}]}, {'arrivalDate': '27/08/2026', 'total_arrivals': 1.5, 'data': [{'arrivals': 1.5, 'variety': 'Tomato', 'minimumPrice': 800.0, 'maximumPrice': 1500.0, 'modalPrice': 1000.0}]}, {'arrivalDate': '28/08/2026', 'total_arrivals': 2.2, 'data': [{'arrivals': 2.2, 'variety': 'Tomato', 'minimumPrice': 300.0, 'maximumPrice': 1000.0, 'modalPrice': 800.0}]}, {'arrivalDate': '29/08/2026', 'total_arrivals': 5.5, 'data': [{'arrivals': 5.5, 'variety': 'Tomato', 'minimumPrice': 300.0, 'maximumPrice': 1000.0, 'modalPrice': 800.0}]}, {'arrivalDate': '31/08/2026', 'total_arrivals': 0.5, 'data': [{'arrivals': 0.5, 'variety': 'Tomato', 'minimumPrice': 300.0, 'maximumPrice': 1800.0, 'modalPrice': 1000.0}]}]"
Belgaum APMC,"[{'arrivalDate': '29/08/2026', 'total_arrivals': 25.0, 'data': [{'arrivals': 25.0, 'variety': 'Tomato', 'minimumPrice': 1000.0, 'maximumPrice': 1500.0, 'modalPrice': 1300.0}]}]"
Belur APMC,"[{'arrivalDate': '02/08/2026', 'total_arrivals': 6.7, 'data': [{'arrivals': 6.7, 'variety': 'Hybrid', 'minimumPrice': 1000.0, 'maximumPrice': 1000.0, 'modalPrice': 1000.0}]}, {'arrivalDate': '05/08/2026', 'total_arrivals': 4.2, 'data': [{'arrivals': 4.2, 'variety': 'Hybrid', 'minimumPrice': 1000.0, 'maximumPrice': 1000.0, 'modalPrice': 1000.0}]}, {'arrivalDate': '06/08/2026', 'total_arrivals': 3.3000000000000003, 'data': [{'arrivals': 3.3000000000000003, 'variety': 'Hybrid', 'minimumPrice': 1000.0, 'maximumPrice': 1000.0, 'modalPrice': 1000.0}]}, {'arrivalDate': '09/08/2026', 'total_arrivals': 3.9000000000000004, 'data': [{'arrivals': 3.9000000000000004, 'variety': 'Hybrid', 'minimumPrice': 1000.0, 'maximumPrice': 1200.0, 'modalPrice': 1200.0}]}, {'arrivalDate': '12/08/2026', 'total_arrivals': 3.9000000000000004, 'data': [{'arrivals': 3.9000000000000004, 'variety': 'Hybrid', 'minimumPrice': 1000.0, 'maximumPrice': 1200.0, 'modalPrice': 1000.0}]}, {'arrivalDate': '13/08/2026', 'total_arrivals': 3.3000000000000003, 'data': [{'arrivals': 3.3000000000000003, 'variety': 'Hybrid', 'minimumPrice': 1000.0, 'maximumPrice': 1000.0, 'modalPrice': 1000.0}]}, {'arrivalDate': '16/08/2026', 'total_arrivals': 1.7000000000000002, 'data': [{'arrivals': 1.7000000000000002, 'variety': 'Hybrid', 'minimumPrice': 1000.0, 'maximumPrice': 1000.0, 'modalPrice': 1000.0}]}, {'arrivalDate': '17/08/2026', 'total_arrivals': 5.800000000000001, 'data': [{'arrivals': 5.800000000000001, 'variety': 'Hybrid', 'minimumPrice': 1000.0, 'maximumPrice': 1000.0, 'modalPrice': 1000.0}]}, {'arrivalDate': '19/08/2026', 'total_arrivals': 6.7, 'data': [{'arrivals': 6.7, 'variety': 'Hybrid', 'minimumPrice': 1000.0, 'maximumPrice': 1000.0, 'modalPrice': 1000.0}]}, {'arrivalDate': '20/08/2026', 'total_arrivals': 8.3, 'data': [{'arrivals': 8.3, 'variety': 'Hybrid', 'minimumPrice': 1200.0, 'maximumPrice': 1200.0, 'modalPrice': 1200.0}]}, {'arrivalDate': '23/08/2026', 'total_arrivals': 5.0, 'data': [{'arrivals': 5.0, 'variety': 'Hybrid', 'minimumPrice': 1000.0, 'maximumPrice': 1000.0, 'modalPrice': 1000.0}]}, {'arrivalDate': '26/08/2026', 'total_arrivals': 2.8000000000000003, 'data': [{'arrivals': 2.8000000000000003, 'variety': 'Hybrid', 'minimumPrice': 1200.0, 'maximumPrice': 1200.0, 'modalPrice': 1200.0}]}, {'arrivalDate': '27/08/2026', 'total_arrivals': 3.6, 'data': [{'arrivals': 3.6, 'variety': 'Hybrid', 'minimumPrice': 1200.0, 'maximumPrice': 1200.0, 'modalPrice': 1200.0}]}, {'arrivalDate': '30/08/2026', 'total_arrivals': 2.8000000000000003, 'data': [{'arrivals': 2.8000000000000003, 'variety': 'Hybrid', 'minimumPrice': 1200.0, 'maximumPrice': 1200.0, 'modalPrice': 1200.0}]}, {'arrivalDate': '31/08/2026', 'total_arrivals': 2.2, 'data': [{'arrivals': 2.2, 'variety': 'Hybrid', 'minimumPrice': 1500.0, 'maximumPrice': 1500.0, 'modalPrice': 1500.0}]}]"
Binny Mill (FF&V) Bengaluru APMC,"[{'arrivalDate': '01/08/2026', 'total_arrivals': 40.900000000000006, 'data': [{'arrivals': 40.900000000000006, 'variety': 'Tomato', 'minimumPrice': 1900.0, 'maximumPrice': 2100.0, 'modalPrice': 2000.0}]}, {'arrivalDate': '03/08/2026', 'total_arrivals': 40.2, 'data': [{'arrivals': 40.2, 'variety': 'Tomato', 'minimumPrice': 1900.0, 'maximumPrice': 2100.0, 'modalPrice': 2000.0}]}, {'arrivalDate': '04/08/2026', 'total_arrivals': 41.2, 'data': [{'arrivals': 41.2, 'variety': 'Tomato', 'minimumPrice': 2000.0, 'maximumPrice': 2200.0, 'modalPrice': 2100.0}]}, {'arrivalDate': '05/08/2026', 'total_arrivals': 44.900000000000006, 'data': [{'arrivals': 44.900000000000006, 'variety': 'Tomato', 'minimumPrice': 2000.0, 'maximumPrice': 2200.0, 'modalPrice': 2100.0}]}, {'arrivalDate': '06/08/2026', 'total_arrivals': 40.7, 'data': [{'arrivals': 40.7, 'variety': 'Tomato', 'minimumPrice': 2200.0, 'maximumPrice': 2400.0, 'modalPrice': 2300.0}]}, {'arrivalDate': '07/08/2026', 'total_arrivals': 38.6, 'data': [{'arrivals': 38.6, 'variety': 'Tomato', 'minimumPrice': 1800.0, 'maximumPrice': 2000.0, 'modalPrice': 1900.0}]}, {'arrivalDate': '10/08/2026', 'total_arrivals': 38.5, 'data': [{'arrivals': 38.5, 'variety': 'Tomato', 'minimumPrice': 1800.0, 'maximumPrice': 2000.0, 'modalPrice': 1900.0}]}, {'arrivalDate': '11/08/2026', 'total_arrivals': 44.300000000000004, 'data': [{'arrivals': 44.300000000000004, 'variety': 'Tomato', 'minimumPrice': 1800.0, 'maximumPrice': 2000.0, 'modalPrice': 1900.0}]}, {'arrivalDate': '12/08/2026', 'total_arrivals': 40.0, 'data': [{'arrivals': 40.0, 'variety': 'Tomato', 'minimumPrice': 1900.0, 'maximumPrice': 2100.0, 'modalPrice': 2000.0}]}, {'arrivalDate': '13/08/2026', 'total_arrivals': 40.1, 'data': [{'arrivals': 40.1, 'variety': 'Tomato', 'minimumPrice': 160.0, 'maximumPrice': 1800.0, 'modalPrice': 1700.0}]}, {'arrivalDate': '14/08/2026', 'total_arrivals': 43.1, 'data': [{'arrivals': 43.1, 'variety': 'Tomato', 'minimumPrice': 1200.0, 'maximumPrice': 2000.0, 'modalPrice': 1400.0}]}, {'arrivalDate': '17/08/2026', 'total_arrivals': 40.300000000000004, 'data': [{'arrivals': 40.300000000000004, 'variety': 'Tomato', 'minimumPrice': 1400.0, 'maximumPrice': 1600.0, 'modalPrice': 1500.0}]}, {'arrivalDate': '18/08/2026', 'total_arrivals': 42.7, 'data': [{'arrivals': 42.7, 'variety': 'Tomato', 'minimumPrice': 1500.0, 'maximumPrice': 1700.0, 'modalPrice': 1600.0}]}, {'arrivalDate': '19/08/2026', 'total_arrivals': 38.1, 'data': [{'arrivals': 38.1, 'variety': 'Tomato', 'minimumPrice': 1600.0, 'maximumPrice': 1800.0, 'modalPrice': 1700.0}]}, {'arrivalDate': '20/08/2026', 'total_arrivals': 39.5, 'data': [{'arrivals': 39.5, 'variety': 'Tomato', 'minimumPrice': 1600.0, 'maximumPrice': 1800.0, 'modalPrice': 1700.0}]}, {'arrivalDate': '21/08/2026', 'total_arrivals': 36.1, 'data': [{'arrivals': 36.1, 'variety': 'Tomato', 'minimumPrice': 1600.0, 'maximumPrice': 1800.0, 'modalPrice': 1700.0}]}, {'arrivalDate': '24/08/2026', 'total_arrivals': 46.2, 'data': [{'arrivals': 46.2, 'variety': 'Tomato', 'minimumPrice': 1600.0, 'maximumPrice': 1800.0, 'modalPrice': 1700.0}]}, {'arrivalDate': '25/08/2026', 'total_arrivals': 42.300000000000004, 'data': [{'arrivals': 42.300000000000004, 'variety': 'Tomato', 'minimumPrice': 1500.0, 'maximumPrice': 1700.0, 'modalPrice': 1600.0}]}, {'arrivalDate': '27/08/2026', 'total_arrivals': 44.1, 'data': [{'arrivals': 44.1, 'variety': 'Tomato', 'minimumPrice': 1400.0, 'maximumPrice': 1600.0, 'modalPrice': 1500.0}]}, {'arrivalDate': '28/08/2026', 'total_arrivals': 42.5, 'data': [{'arrivals': 42.5, 'variety': 'Tomato', 'minimumPrice': 1500.0, 'maximumPrice': 1700.0, 'modalPrice': 1600.0}]}, {'arrivalDate': '29/08/2026', 'total_arrivals': 44.1, 'data': [{'arrivals': 44.1, 'variety': 'Tomato', 'minimumPrice': 1500.0, 'maximumPrice': 1700.0, 'modalPrice': 1600.0}]}, {'arrivalDate': '31/08/2026', 'total_arrivals': 43.5, 'data': [{'arrivals': 43.5, 'variety': 'Tomato', 'minimumPrice': 1500.0, 'maximumPrice': 1700.0, 'modalPrice': 1600.0}]}]"
Chamarajanagar APMC,"[{'arrivalDate': '01/08/2026', 'total_arrivals': 4.0, 'data': [{'arrivals': 4.0, 'variety': 'Tomato', 'minimumPrice': 400.0, 'maximumPrice': 1000.0, 'modalPrice': 700.0}]}, {'arrivalDate': '03/08/2026', 'total_arrivals': 3.5, 'data': [{'arrivals': 3.5, 'variety': 'Tomato', 'minimumPrice': 400.0, 'maximumPrice': 600.0, 'modalPrice': 500.0}]}, {'arrivalDate': '04/08/2026', 'total_arrivals': 3.0, 'data': [{'arrivals': 3.0, 'variety': 'Tomato', 'minimumPrice': 400.0, 'maximumPrice': 800.0, 'modalPrice': 600.0}]}, {'arrivalDate': '05/08/2026', 'total_arrivals': 3.0, 'data': [{'arrivals': 3.0, 'variety': 'Tomato', 'minimumPrice': 400.0, 'maximumPrice': 800.0, 'modalPrice': 600.0}]}, {'arrivalDate': '06/08/2026', 'total_arrivals': 3.5, 'data': [{'arrivals': 3.5, 'variety': 'Tomato', 'minimumPrice': 450.0, 'maximumPrice': 1000.0, 'modalPrice': 750.0}]}, {'arrivalDate': '07/08/2026', 'total_arrivals': 2.0, 'data': [{'arrivals': 2.0, 'variety': 'Tomato', 'minimumPrice': 300.0, 'maximumPrice': 1500.0, 'modalPrice': 900.0}]}, {'arrivalDate': '08/08/2026', 'total_arrivals': 2.5, 'data': [{'arrivals': 2.5, 'variety': 'Tomato', 'minimumPrice': 600.0, 'maximumPrice': 1000.0, 'modalPrice': 800.0}]}, {'arrivalDate': '10/08/2026', 'total_arrivals': 3.0, 'data': [{'arrivals': 3.0, 'variety': 'Tomato', 'minimumPrice': 500.0, 'maximumPrice': 1000.0, 'modalPrice': 750.0}]}, {'arrivalDate': '11/08/2026', 'total_arrivals': 3.0, 'data': [{'arrivals': 3.0, 'variety': 'Tomato', 'minimumPrice': 600.0, 'maximumPrice': 1200.0, 'modalPrice': 900.0}]}, {'arrivalDate': '12/08/2026', 'total_arrivals': 2.5, 'data': [{'arrivals': 2.5, 'variety': 'Tomato', 'minimumPrice': 1000.0, 'maximumPrice': 3000.0, 'modalPrice': 2000.0}]}, {'arrivalDate': '13/08/2026', 'total_arrivals': 2.5, 'data': [{'arrivals': 2.5, 'variety': 'Tomato', 'minimumPrice': 600.0, 'maximumPrice': 1300.0, 'modalPrice': 1000.0}]}, {'arrivalDate': '14/08/2026', 'total_arrivals': 2.3000000000000003, 'data': [{'arrivals': 2.3000000000000003, 'variety': 'Tomato', 'minimumPrice': 600.0, 'maximumPrice': 1200.0, 'modalPrice': 900.0}]}, {'arrivalDate': '17/08/2026', 'total_arrivals': 3.0, 'data': [{'arrivals': 3.0, 'variety': 'Tomato', 'minimumPrice': 600.0, 'maximumPrice': 1000.0, 'modalPrice': 800.0}]}, {'arrivalDate': '18/08/2026', 'total_arrivals': 2.0, 'data': [{'arrivals': 2.0, 'variety': 'Tomato', 'minimumPrice': 500.0, 'maximumPrice': 1200.0, 'modalPrice': 900.0}]}, {'arrivalDate': '19/08/2026', 'total_arrivals': 2.5, 'data': [{'arrivals': 2.5, 'variety': 'Tomato', 'minimumPrice': 400.0, 'maximumPrice': 1000.0, 'modalPrice': 700.0}]}, {'arrivalDate': '20/08/2026', 'total_arrivals': 3.0, 'data': [{'arrivals': 3.0, 'variety': 'Tomato', 'minimumPrice': 800.0, 'maximumPrice': 1000.0, 'modalPrice': 900.0}]}, {'arrivalDate': '21/08/2026', 'total_arrivals': 2.3000000000000003, 'data': [{'arrivals': 2.3000000000000003, 'variety': 'Tomato', 'minimumPrice': 800.0, 'maximumPrice': 1200.0, 'modalPrice': 1000.0}]}, {'arrivalDate': '22/08/2026', 'total_arrivals': 3.5, 'data': [{'arrivals': 3.5, 'variety': 'Tomato', 'minimumPrice': 1600.0, 'maximumPrice': 4500.0, 'modalPrice': 3000.0}]}, {'arrivalDate': '24/08/2026', 'total_arrivals': 2.5, 'data': [{'arrivals': 2.5, 'variety': 'Tomato', 'minimumPrice': 800.0, 'maximumPrice': 1500.0, 'modalPrice': 1150.0}]}, {'arrivalDate': '25/08/2026', 'total_arrivals': 3.0, 'data': [{'arrivals': 3.0, 'variety': 'Tomato', 'minimumPrice': 1000.0, 'maximumPrice': 2000.0, 'modalPrice': 1500.0}]}, {'arrivalDate': '26/08/2026', 'total_arrivals': 3.0, 'data': [{'arrivals': 3.0, 'variety': 'Tomato', 'minimumPrice': 1000.0, 'maximumPrice': 2200.0, 'modalPrice': 1600.0}]}, {'arrivalDate': '27/08/2026', 'total_arrivals': 2.5, 'data': [{'arrivals': 2.5, 'variety': 'Tomato', 'minimumPrice': 400.0, 'maximumPrice': 1000.0, 'modalPrice': 700.0}]}, {'arrivalDate': '28/08/2026', 'total_arrivals': 2.5, 'data': [{'arrivals': 2.5, 'variety': 'Tomato', 'minimumPrice': 800.0, 'maximumPrice': 1000.0, 'modalPrice': 900.0}]}, {'arrivalDate': '29/08/2026', 'total_arrivals': 2.0, 'data': [{'arrivals': 2.0, 'variety': 'Tomato', 'minimumPrice': 800.0, 'maximumPrice': 1000.0, 'modalPrice': 900.0}]}, {'arrivalDate': '31/08/2026', 'total_arrivals': 1.5, 'data': [{'arrivals': 1.5, 'variety': 'Tomato', 'minimumPrice': 800.0, 'maximumPrice': 1000.0, 'modalPrice': 900.0}]}]"
Channapatna APMC,"[{'arrivalDate': '01/08/2026', 'total_arrivals': 7.0, 'data': [{'arrivals': 7.0, 'variety': 'Tomato', 'minimumPrice': 400.0, 'maximumPrice': 1000.0, 'modalPrice': 750.0}]}, {'arrivalDate': '03/08/2026', 'total_arrivals': 6.300000000000001, 'data': [{'arrivals': 6.300000000000001, 'variety': 'Tomato', 'minimumPrice': 500.0, 'maximumPrice': 1250.0, 'modalPrice': 1000.0}]}, {'arrivalDate': '04/08/2026', 'total_arrivals': 6.1000000000000005, 'data': [{'arrivals': 6.1000000000000005, 'variety': 'Tomato', 'minimumPrice': 400.0, 'maximumPrice': 1100.0, 'modalPrice': 800.0}]}, {'arrivalDate': '05/08/2026', 'total_arrivals': 7.1000000000000005, 'data': [{'arrivals': 7.1000000000000005, 'variety': 'Tomato', 'minimumPrice': 400.0, 'maximumPrice': 1000.0, 'modalPrice': 750.0}]}, {'arrivalDate': '06/08/2026', 'total_arrivals': 6.6000000000000005, 'data': [{'arrivals': 6.6000000000000005, 'variety': 'Tomato', 'minimumPrice': 500.0, 'maximumPrice': 1250.0, 'modalPrice': 900.0}]}, {'arrivalDate': '07/08/2026', 'total_arrivals': 7.4, 'data': [{'arrivals': 7.4, 'variety': 'Tomato', 'minimumPrice': 400.0, 'maximumPrice': 1000.0, 'modalPrice': 700.0}]}, {'arrivalDate': '08/08/2026', 'total_arrivals': 6.800000000000001, 'data': [{'arrivals': 6.800000000000001, 'variety': 'Tomato', 'minimumPrice': 400.0, 'maximumPrice': 1000.0, 'modalPrice': 700.0}]}, {'arrivalDate': '10/08/2026', 'total_arrivals': 6.0, 'data': [{'arrivals': 6.0, 'variety': 'Tomato', 'minimumPrice': 500.0, 'maximumPrice': 1250.0, 'modalPrice': 1000.0}]}, {'arrivalDate': '11/08/2026', 'total_arrivals': 6.800000000000001, 'data': [{'arrivals': 6.800000000000001, 'variety': 'Tomato', 'minimumPrice': 400.0, 'maximumPrice': 1000.0, 'modalPrice': 750.0}]}, {'arrivalDate': '12/08/2026', 'total_arrivals': 5.4, 'data': [{'arrivals': 5.4, 'variety': 'Tomato', 'minimumPrice': 500.0, 'maximumPrice': 1200.0, 'modalPrice': 900.0}]}, {'arrivalDate': '13/08/2026', 'total_arrivals': 3.6, 'data': [{'arrivals': 3.6, 'variety': 'Tomato', 'minimumPrice': 1200.0, 'maximumPrice': 2400.0, 'modalPrice': 1800.0}]}, {'arrivalDate': '14/08/2026', 'total_arrivals': 4.6000000000000005, 'data': [{'arrivals': 4.6000000000000005, 'variety': 'Tomato', 'minimumPrice': 1000.0, 'maximumPrice': 2000.0, 'modalPrice': 1500.0}]}, {'arrivalDate': '15/08/2026', 'total_arrivals': 3.8000000000000003, 'data': [{'arrivals': 3.8000000000000003, 'variety': 'Tomato', 'minimumPrice': 1000.0, 'maximumPrice': 2000.0, 'modalPrice': 1500.0}]}, {'arrivalDate': '17/08/2026', 'total_arrivals': 2.8000000000000003, 'data': [{'arrivals': 2.8000000000000003, 'variety': 'Tomato', 'minimumPrice': 1800.0, 'maximumPrice': 3000.0, 'modalPrice': 2400.0}]}, {'arrivalDate': '18/08/2026', 'total_arrivals': 6.5, 'data': [{'arrivals': 6.5, 'variety': 'Tomato', 'minimumPrice': 750.0, 'maximumPrice': 1250.0, 'modalPrice': 1000.0}]}, {'arrivalDate': '19/08/2026', 'total_arrivals': 7.2, 'data': [{'arrivals': 7.2, 'variety': 'Tomato', 'minimumPrice': 400.0, 'maximumPrice': 1000.0, 'modalPrice': 700.0}]}, {'arrivalDate': '20/08/2026', 'total_arrivals': 8.0, 'data': [{'arrivals': 8.0, 'variety': 'Tomato', 'minimumPrice': 400.0, 'maximumPrice': 1000.0, 'modalPrice': 700.0}]}, {'arrivalDate': '21/08/2026', 'total_arrivals': 9.200000000000001, 'data': [{'arrivals': 9.200000000000001, 'variety': 'Tomato', 'minimumPrice': 350.0, 'maximumPrice': 900.0, 'modalPrice': 600.0}]}, {'arrivalDate': '22/08/2026', 'total_arrivals': 3.6, 'data': [{'arrivals': 3.6, 'variety': 'Tomato', 'minimumPrice': 400.0, 'maximumPrice': 1000.0, 'modalPrice': 700.0}]}, {'arrivalDate': '24/08/2026', 'total_arrivals': 7.0, 'data': [{'arrivals': 7.0, 'variety': 'Tomato', 'minimumPrice': 500.0, 'maximumPrice': 1250.0, 'modalPrice': 900.0}]}, {'arrivalDate': '25/08/2026', 'total_arrivals': 7.6000000000000005, 'data': [{'arrivals': 7.6000000000000005, 'variety': 'Tomato', 'minimumPrice': 350.0, 'maximumPrice': 1000.0, 'modalPrice': 700.0}]}, {'arrivalDate': '26/08/2026', 'total_arrivals': 9.4, 'data': [{'arrivals': 9.4, 'variety': 'Tomato', 'minimumPrice': 350.0, 'maximumPrice': 900.0, 'modalPrice': 650.0}]}, {'arrivalDate': '27/08/2026', 'total_arrivals': 7.800000000000001, 'data': [{'arrivals': 7.800000000000001, 'variety': 'Tomato', 'minimumPrice': 400.0, 'maximumPrice': 1000.0, 'modalPrice': 700.0}]}, {'arrivalDate': '28/08/2026', 'total_arrivals': 6.800000000000001, 'data': [{'arrivals': 6.800000000000001, 'variety': 'Tomato', 'minimumPrice': 500.0, 'maximumPrice': 1000.0, 'modalPrice': 700.0}]}, {'arrivalDate': '29/08/2026', 'total_arrivals': 7.0, 'data': [{'arrivals': 7.0, 'variety': 'Tomato', 'minimumPrice': 500.0, 'maximumPrice': 1000.0, 'modalPrice': 750.0}]}, {'arrivalDate': '31/08/2026', 'total_arrivals': 3.5, 'data': [{'arrivals': 3.5, 'variety': 'Tomato', 'minimumPrice': 1000.0, 'maximumPrice': 1850.0, 'modalPrice': 1500.0}]}]"
Channarayapatna APMC,"[{'arrivalDate': '03/08/2026', 'total_arrivals': 4.800000000000001, 'data': [{'arrivals': 4.800000000000001, 'variety': 'Tomato', 'minimumPrice': 3000.0, 'maximumPrice': 3500.0, 'modalPrice': 3000.0}]}, {'arrivalDate': '10/08/2026', 'total_arrivals': 4.4, 'data': [{'arrivals': 4.4, 'variety': 'Tomato', 'minimumPrice': 3000.0, 'maximumPrice': 3500.0, 'modalPrice': 3000.0}]}, {'arrivalDate': '15/08/2026', 'total_arrivals': 4.0, 'data': [{'arrivals': 4.0, 'variety': 'Tomato', 'minimumPrice': 3000.0, 'maximumPrice': 3000.0, 'modalPrice': 3000.0}]}, {'arrivalDate': '24/08/2026', 'total_arrivals': 5.2, 'data': [{'arrivals': 5.2, 'variety': 'Tomato', 'minimumPrice': 3000.0, 'maximumPrice': 3500.0, 'modalPrice': 3500.0}]}, {'arrivalDate': '31/08/2026', 'total_arrivals': 2.8000000000000003, 'data': [{'arrivals': 2.8000000000000003, 'variety': 'Tomato', 'minimumPrice': 3000.0, 'maximumPrice': 3500.0, 'modalPrice': 3000.0}]}]"
Chickkaballapura APMC,"[{'arrivalDate': '01/08/2026', 'total_arrivals': 94.10000000000001, 'data': [{'arrivals': 94.10000000000001, 'variety': 'Tomato', 'minimumPrice': 360.0, 'maximumPrice': 1250.0, 'modalPrice': 804.0}]}, {'arrivalDate': '02/08/2026', 'total_arrivals': 89.7, 'data': [{'arrivals': 89.7, 'variety': 'Tomato', 'minimumPrice': 358.0, 'maximumPrice': 1200.0, 'modalPrice': 779.0}]}, {'arrivalDate': '03/08/2026', 'total_arrivals': 83.80000000000001, 'data': [{'arrivals': 83.80000000000001, 'variety': 'Tomato', 'minimumPrice': 360.0, 'maximumPrice': 1108.0, 'modalPrice': 733.0}]}, {'arrivalDate': '04/08/2026', 'total_arrivals': 94.10000000000001, 'data': [{'arrivals': 94.10000000000001, 'variety': 'Tomato', 'minimumPrice': 360.0, 'maximumPrice': 1430.0, 'modalPrice': 890.0}]}, {'arrivalDate': '05/08/2026', 'total_arrivals': 120.2, 'data': [{'arrivals': 120.2, 'variety': 'Tomato', 'minimumPrice': 360.0, 'maximumPrice': 1429.0, 'modalPrice': 893.0}]}, {'arrivalDate': '07/08/2026', 'total_arrivals': 119.7, 'data': [{'arrivals': 119.7, 'variety': 'Tomato', 'minimumPrice': 360.0, 'maximumPrice': 1430.0, 'modalPrice': 893.0}]}, {'arrivalDate': '08/08/2026', 'total_arrivals': 99.10000000000001, 'data': [{'arrivals': 99.10000000000001, 'variety': 'Tomato', 'minimumPrice': 360.0, 'maximumPrice': 1430.0, 'modalPrice': 890.0}]}, {'arrivalDate': '09/08/2026', 'total_arrivals': 79.60000000000001, 'data': [{'arrivals': 79.60000000000001, 'variety': 'Tomato', 'minimumPrice': 360.0, 'maximumPrice': 1430.0, 'modalPrice': 890.0}]}, {'arrivalDate': '10/08/2026', 'total_arrivals': 71.4, 'data': [{'arrivals': 71.4, 'variety': 'Tomato', 'minimumPrice': 360.0, 'maximumPrice': 1430.0, 'modalPrice': 890.0}]}, {'arrivalDate': '11/08/2026', 'total_arrivals': 91.4, 'data': [{'arrivals': 91.4, 'variety': 'Tomato', 'minimumPrice': 360.0, 'maximumPrice': 1643.0, 'modalPrice': 1000.0}]}, {'arrivalDate': '12/08/2026', 'total_arrivals': 95.5, 'data': [{'arrivals': 95.5, 'variety': 'Tomato', 'minimumPrice': 360.0, 'maximumPrice': 1858.0, 'modalPrice': 1108.0}]}, {'arrivalDate': '14/08/2026', 'total_arrivals': 81.2, 'data': [{'arrivals': 81.2, 'variety': 'Tomato', 'minimumPrice': 360.0, 'maximumPrice': 1643.0, 'modalPrice': 1000.0}]}, {'arrivalDate': '15/08/2026', 'total_arrivals': 78.5, 'data': [{'arrivals': 78.5, 'variety': 'Tomato', 'minimumPrice': 360.0, 'maximumPrice': 1786.0, 'modalPrice': 1072.0}]}, {'arrivalDate': '16/08/2026', 'total_arrivals': 78.60000000000001, 'data': [{'arrivals': 78.60000000000001, 'variety': 'Tomato', 'minimumPrice': 360.0, 'maximumPrice': 1715.0, 'modalPrice': 1036.0}]}, {'arrivalDate': '17/08/2026', 'total_arrivals': 78.10000000000001, 'data': [{'arrivals': 78.10000000000001, 'variety': 'Tomato', 'minimumPrice': 360.0, 'maximumPrice': 1643.0, 'modalPrice': 1000.0}]}, {'arrivalDate': '18/08/2026', 'total_arrivals': 85.7, 'data': [{'arrivals': 85.7, 'variety': 'Tomato', 'minimumPrice': 360.0, 'maximumPrice': 1430.0, 'modalPrice': 890.0}]}, {'arrivalDate': '19/08/2026', 'total_arrivals': 84.80000000000001, 'data': [{'arrivals': 84.80000000000001, 'variety': 'Tomato', 'minimumPrice': 360.0, 'maximumPrice': 1286.0, 'modalPrice': 822.0}]}, {'arrivalDate': '21/08/2026', 'total_arrivals': 65.60000000000001, 'data': [{'arrivals': 65.60000000000001, 'variety': 'Tomato', 'minimumPrice': 360.0, 'maximumPrice': 1072.0, 'modalPrice': 715.0}]}, {'arrivalDate': '22/08/2026', 'total_arrivals': 61.300000000000004, 'data': [{'arrivals': 61.300000000000004, 'variety': 'Tomato', 'minimumPrice': 360.0, 'maximumPrice': 1215.0, 'modalPrice': 786.0}]}, {'arrivalDate': '23/08/2026', 'total_arrivals': 66.4, 'data': [{'arrivals': 66.4, 'variety': 'Tomato', 'minimumPrice': 360.0, 'maximumPrice': 1180.0, 'modalPrice': 768.0}]}, {'arrivalDate': '24/08/2026', 'total_arrivals': 65.4, 'data': [{'arrivals': 65.4, 'variety': 'Tomato', 'minimumPrice': 350.0, 'maximumPrice': 1108.0, 'modalPrice': 733.0}]}, {'arrivalDate': '25/08/2026', 'total_arrivals': 42.400000000000006, 'data': [{'arrivals': 42.400000000000006, 'variety': 'Tomato', 'minimumPrice': 360.0, 'maximumPrice': 1143.0, 'modalPrice': 750.0}]}, {'arrivalDate': '26/08/2026', 'total_arrivals': 52.6, 'data': [{'arrivals': 52.6, 'variety': 'Tomato', 'minimumPrice': 350.0, 'maximumPrice': 1570.0, 'modalPrice': 965.0}]}, {'arrivalDate': '28/08/2026', 'total_arrivals': 55.0, 'data': [{'arrivals': 55.0, 'variety': 'Tomato', 'minimumPrice': 360.0, 'maximumPrice': 1786.0, 'modalPrice': 1072.0}]}, {'arrivalDate': '29/08/2026', 'total_arrivals': 55.0, 'data': [{'arrivals': 55.0, 'variety': 'Tomato', 'minimumPrice': 360.0, 'maximumPrice': 1786.0, 'modalPrice': 1072.0}]}, {'arrivalDate': '30/08/2026', 'total_arrivals': 41.0, 'data': [{'arrivals': 41.0, 'variety': 'Tomato', 'minimumPrice': 360.0, 'maximumPrice': 2000.0, 'modalPrice': 1179.0}]}, {'arrivalDate': '31/08/2026', 'total_arrivals': 41.2, 'data': [{'arrivals': 41.2, 'variety': 'Tomato', 'minimumPrice': 360.0, 'maximumPrice': 2143.0, 'modalPrice': 1250.0}]}]"
Chikkamagaluru APMC,"[{'arrivalDate': '01/08/2026', 'total_arrivals': 258.6, 'data': [{'arrivals': 258.6, 'variety': 'Tomato', 'minimumPrice': 600.0, 'maximumPrice': 1700.0, 'modalPrice': 1150.0}]}, {'arrivalDate': '03/08/2026', 'total_arrivals': 465.3, 'data': [{'arrivals': 465.3, 'variety': 'Tomato', 'minimumPrice': 600.0, 'maximumPrice': 1500.0, 'modalPrice': 1050.0}]}, {'arrivalDate': '04/08/2026', 'total_arrivals': 216.5, 'data': [{'arrivals': 216.5, 'variety': 'Tomato', 'minimumPrice': 600.0, 'maximumPrice': 1500.0, 'modalPrice': 1050.0}]}, {'arrivalDate': '05/08/2026', 'total_arrivals': 230.10000000000002, 'data': [{'arrivals': 230.10000000000002, 'variety': 'Tomato', 'minimumPrice': 600.0, 'maximumPrice': 1400.0, 'modalPrice': 1000.0}]}, {'arrivalDate': '06/08/2026', 'total_arrivals': 206.60000000000002, 'data': [{'arrivals': 206.60000000000002, 'variety': 'Tomato', 'minimumPrice': 700.0, 'maximumPrice': 2100.0, 'modalPrice': 1400.0}]}, {'arrivalDate': '07/08/2026', 'total_arrivals': 516.4, 'data': [{'arrivals': 516.4, 'variety': 'Tomato', 'minimumPrice': 600.0, 'maximumPrice': 1800.0, 'modalPrice': 1200.0}]}, {'arrivalDate': '08/08/2026', 'total_arrivals': 229.0, 'data': [{'arrivals': 229.0, 'variety': 'Tomato', 'minimumPrice': 600.0, 'maximumPrice': 1400.0, 'modalPrice': 1000.0}]}, {'arrivalDate': '09/08/2026', 'total_arrivals': 253.20000000000002, 'data': [{'arrivals': 253.20000000000002, 'variety': 'Tomato', 'minimumPrice': 800.0, 'maximumPrice': 1800.0, 'modalPrice': 1300.0}]}, {'arrivalDate': '10/08/2026', 'total_arrivals': 245.9, 'data': [{'arrivals': 245.9, 'variety': 'Tomato', 'minimumPrice': 700.0, 'maximumPrice': 1800.0, 'modalPrice': 1250.0}]}, {'arrivalDate': '11/08/2026', 'total_arrivals': 265.90000000000003, 'data': [{'arrivals': 265.90000000000003, 'variety': 'Tomato', 'minimumPrice': 800.0, 'maximumPrice': 2000.0, 'modalPrice': 1400.0}]}, {'arrivalDate': '13/08/2026', 'total_arrivals': 214.3, 'data': [{'arrivals': 214.3, 'variety': 'Tomato', 'minimumPrice': 800.0, 'maximumPrice': 2000.0, 'modalPrice': 1400.0}]}, {'arrivalDate': '14/08/2026', 'total_arrivals': 208.60000000000002, 'data': [{'arrivals': 208.60000000000002, 'variety': 'Tomato', 'minimumPrice': 800.0, 'maximumPrice': 1800.0, 'modalPrice': 1300.0}]}, {'arrivalDate': '15/08/2026', 'total_arrivals': 150.3, 'data': [{'arrivals': 150.3, 'variety': 'Tomato', 'minimumPrice': 800.0, 'maximumPrice': 1600.0, 'modalPrice': 1200.0}]}, {'arrivalDate': '16/08/2026', 'total_arrivals': 210.70000000000002, 'data': [{'arrivals': 210.70000000000002, 'variety': 'Tomato', 'minimumPrice': 600.0, 'maximumPrice': 1500.0, 'modalPrice': 1050.0}]}, {'arrivalDate': '17/08/2026', 'total_arrivals': 269.0, 'data': [{'arrivals': 269.0, 'variety': 'Tomato', 'minimumPrice': 400.0, 'maximumPrice': 2000.0, 'modalPrice': 1200.0}]}, {'arrivalDate': '18/08/2026', 'total_arrivals': 225.5, 'data': [{'arrivals': 225.5, 'variety': 'Tomato', 'minimumPrice': 400.0, 'maximumPrice': 2000.0, 'modalPrice': 1200.0}]}, {'arrivalDate': '19/08/2026', 'total_arrivals': 136.0, 'data': [{'arrivals': 136.0, 'variety': 'Tomato', 'minimumPrice': 400.0, 'maximumPrice': 1600.0, 'modalPrice': 1000.0}]}, {'arrivalDate': '20/08/2026', 'total_arrivals': 237.8, 'data': [{'arrivals': 237.8, 'variety': 'Tomato', 'minimumPrice': 400.0, 'maximumPrice': 1600.0, 'modalPrice': 1000.0}]}, {'arrivalDate': '21/08/2026', 'total_arrivals': 185.4, 'data': [{'arrivals': 185.4, 'variety': 'Tomato', 'minimumPrice': 400.0, 'maximumPrice': 1200.0, 'modalPrice': 800.0}]}, {'arrivalDate': '22/08/2026', 'total_arrivals': 102.30000000000001, 'data': [{'arrivals': 102.30000000000001, 'variety': 'Tomato', 'minimumPrice': 400.0, 'maximumPrice': 1200.0, 'modalPrice': 800.0}]}, {'arrivalDate': '23/08/2026', 'total_arrivals': 148.1, 'data': [{'arrivals': 148.1, 'variety': 'Tomato', 'minimumPrice': 400.0, 'maximumPrice': 1400.0, 'modalPrice': 900.0}]}, {'arrivalDate': '24/08/2026', 'total_arrivals': 226.4, 'data': [{'arrivals': 226.4, 'variety': 'Tomato', 'minimumPrice': 400.0, 'maximumPrice': 1600.0, 'modalPrice': 1000.0}]}, {'arrivalDate': '25/08/2026', 'total_arrivals': 200.3, 'data': [{'arrivals': 200.3, 'variety': 'Tomato', 'minimumPrice': 400.0, 'maximumPrice': 1200.0, 'modalPrice': 800.0}]}, {'arrivalDate': '26/08/2026', 'total_arrivals': 146.20000000000002, 'data': [{'arrivals': 146.20000000000002, 'variety': 'Tomato', 'minimumPrice': 400.0, 'maximumPrice': 1600.0, 'modalPrice': 1000.0}]}, {'arrivalDate': '27/08/2026', 'total_arrivals': 208.3, 'data': [{'arrivals': 208.3, 'variety': 'Tomato', 'minimumPrice': 400.0, 'maximumPrice': 1200.0, 'modalPrice': 800.0}]}, {'arrivalDate': '28/08/2026', 'total_arrivals': 146.8, 'data': [{'arrivals': 146.8, 'variety': 'Tomato', 'minimumPrice': 400.0, 'maximumPrice': 1200.0, 'modalPrice': 800.0}]}, {'arrivalDate': '29/08/2026', 'total_arrivals': 121.0, 'data': [{'arrivals': 121.0, 'variety': 'Tomato', 'minimumPrice': 400.0, 'maximumPrice': 1500.0, 'modalPrice': 950.0}]}, {'arrivalDate': '30/08/2026', 'total_arrivals': 111.7, 'data': [{'arrivals': 111.7, 'variety': 'Tomato', 'minimumPrice': 600.0, 'maximumPrice': 1800.0, 'modalPrice': 1200.0}]}, {'arrivalDate': '31/08/2026', 'total_arrivals': 72.0, 'data': [{'arrivals': 72.0, 'variety': 'Tomato', 'minimumPrice': 400.0, 'maximumPrice': 2000.0, 'modalPrice': 1200.0}]}]"
Chintamani APMC,"[{'arrivalDate': '01/08/2026', 'total_arrivals': 1647.7, 'data': [{'arrivals': 1647.7, 'variety': 'Tomato', 'minimumPrice': 300.0, 'maximumPrice': 1466.0, 'modalPrice': 1000.0}]}, {'arrivalDate': '02/08/2026', 'total_arrivals': 1658.2, 'data': [{'arrivals': 1658.2, 'variety': 'Tomato', 'minimumPrice': 300.0, 'maximumPrice': 1666.0, 'modalPrice': 1066.0}]}, {'arrivalDate': '03/08/2026', 'total_arrivals': 1613.7, 'data': [{'arrivals': 1613.7, 'variety': 'Tomato', 'minimumPrice': 300.0, 'maximumPrice': 1533.0, 'modalPrice': 1000.0}]}, {'arrivalDate': '04/08/2026', 'total_arrivals': 1463.2, 'data': [{'arrivals': 1463.2, 'variety': 'Tomato', 'minimumPrice': 300.0, 'maximumPrice': 1533.0, 'modalPrice': 1000.0}]}, {'arrivalDate': '05/08/2026', 'total_arrivals': 1467.7, 'data': [{'arrivals': 1467.7, 'variety': 'Tomato', 'minimumPrice': 300.0, 'maximumPrice': 1466.0, 'modalPrice': 1000.0}]}, {'arrivalDate': '06/08/2026', 'total_arrivals': 1487.2, 'data': [{'arrivals': 1487.2, 'variety': 'Tomato', 'minimumPrice': 300.0, 'maximumPrice': 1666.0, 'modalPrice': 930.0}]}, {'arrivalDate': '07/08/2026', 'total_arrivals': 1462.5, 'data': [{'arrivals': 1462.5, 'variety': 'Tomato', 'minimumPrice': 300.0, 'maximumPrice': 1466.0, 'modalPrice': 1000.0}]}, {'arrivalDate': '08/08/2026', 'total_arrivals': 1429.5, 'data': [{'arrivals': 1429.5, 'variety': 'Tomato', 'minimumPrice': 300.0, 'maximumPrice': 1666.0, 'modalPrice': 866.0}]}, {'arrivalDate': '09/08/2026', 'total_arrivals': 1387.6000000000001, 'data': [{'arrivals': 1387.6000000000001, 'variety': 'Tomato', 'minimumPrice': 300.0, 'maximumPrice': 1533.0, 'modalPrice': 866.0}]}, {'arrivalDate': '10/08/2026', 'total_arrivals': 1427.2, 'data': [{'arrivals': 1427.2, 'variety': 'Tomato', 'minimumPrice': 300.0, 'maximumPrice': 1600.0, 'modalPrice': 933.0}]}, {'arrivalDate': '11/08/2026', 'total_arrivals': 1169.3, 'data': [{'arrivals': 1169.3, 'variety': 'Tomato', 'minimumPrice': 333.0, 'maximumPrice': 2666.0, 'modalPrice': 1333.0}]}, {'arrivalDate': '12/08/2026', 'total_arrivals': 1178.1000000000001, 'data': [{'arrivals': 1178.1000000000001, 'variety': 'Tomato', 'minimumPrice': 333.0, 'maximumPrice': 2000.0, 'modalPrice': 1200.0}]}, {'arrivalDate': '13/08/2026', 'total_arrivals': 1034.2, 'data': [{'arrivals': 1034.2, 'variety': 'Tomato', 'minimumPrice': 300.0, 'maximumPrice': 1933.0, 'modalPrice': 1200.0}]}, {'arrivalDate': '14/08/2026', 'total_arrivals': 1055.2, 'data': [{'arrivals': 1055.2, 'variety': 'Tomato', 'minimumPrice': 300.0, 'maximumPrice': 2000.0, 'modalPrice': 1333.0}]}, {'arrivalDate': '15/08/2026', 'total_arrivals': 897.3000000000001, 'data': [{'arrivals': 897.3000000000001, 'variety': 'Tomato', 'minimumPrice': 300.0, 'maximumPrice': 2000.0, 'modalPrice': 1333.0}]}, {'arrivalDate': '16/08/2026', 'total_arrivals': 1027.2, 'data': [{'arrivals': 1027.2, 'variety': 'Tomato', 'minimumPrice': 300.0, 'maximumPrice': 1666.0, 'modalPrice': 1066.0}]}, {'arrivalDate': '17/08/2026', 'total_arrivals': 988.5, 'data': [{'arrivals': 988.5, 'variety': 'Tomato', 'minimumPrice': 300.0, 'maximumPrice': 1533.0, 'modalPrice': 1000.0}]}, {'arrivalDate': '19/08/2026', 'total_arrivals': 915.0, 'data': [{'arrivals': 915.0, 'variety': 'Tomato', 'minimumPrice': 300.0, 'maximumPrice': 1666.0, 'modalPrice': 1000.0}]}, {'arrivalDate': '20/08/2026', 'total_arrivals': 831.7, 'data': [{'arrivals': 831.7, 'variety': 'Tomato', 'minimumPrice': 266.0, 'maximumPrice': 1333.0, 'modalPrice': 1000.0}]}, {'arrivalDate': '21/08/2026', 'total_arrivals': 752.2, 'data': [{'arrivals': 752.2, 'variety': 'Tomato', 'minimumPrice': 226.0, 'maximumPrice': 1166.0, 'modalPrice': 800.0}]}, {'arrivalDate': '22/08/2026', 'total_arrivals': 502.5, 'data': [{'arrivals': 502.5, 'variety': 'Tomato', 'minimumPrice': 300.0, 'maximumPrice': 1660.0, 'modalPrice': 860.0}]}, {'arrivalDate': '23/08/2026', 'total_arrivals': 678.0, 'data': [{'arrivals': 678.0, 'variety': 'Tomato', 'minimumPrice': 300.0, 'maximumPrice': 1660.0, 'modalPrice': 860.0}]}, {'arrivalDate': '24/08/2026', 'total_arrivals': 526.8000000000001, 'data': [{'arrivals': 526.8000000000001, 'variety': 'Tomato', 'minimumPrice': 300.0, 'maximumPrice': 1866.0, 'modalPrice': 933.0}]}, {'arrivalDate': '25/08/2026', 'total_arrivals': 497.20000000000005, 'data': [{'arrivals': 497.20000000000005, 'variety': 'Tomato', 'minimumPrice': 300.0, 'maximumPrice': 2000.0, 'modalPrice': 1000.0}]}, {'arrivalDate': '26/08/2026', 'total_arrivals': 710.2, 'data': [{'arrivals': 710.2, 'variety': 'Tomato', 'minimumPrice': 300.0, 'maximumPrice': 1533.0, 'modalPrice': 1000.0}]}, {'arrivalDate': '27/08/2026', 'total_arrivals': 602.2, 'data': [{'arrivals': 602.2, 'variety': 'Tomato', 'minimumPrice': 300.0, 'maximumPrice': 1666.0, 'modalPrice': 1000.0}]}, {'arrivalDate': '28/08/2026', 'total_arrivals': 601.8000000000001, 'data': [{'arrivals': 601.8000000000001, 'variety': 'Tomato', 'minimumPrice': 300.0, 'maximumPrice': 1800.0, 'modalPrice': 1000.0}]}, {'arrivalDate': '30/08/2026', 'total_arrivals': 392.0, 'data': [{'arrivals': 392.0, 'variety': 'Tomato', 'minimumPrice': 300.0, 'maximumPrice': 1666.0, 'modalPrice': 1000.0}]}, {'arrivalDate': '31/08/2026', 'total_arrivals': 409.20000000000005, 'data': [{'arrivals': 409.20000000000005, 'variety': 'Tomato', 'minimumPrice': 300.0, 'maximumPrice': 2000.0, 'modalPrice': 1000.0}]}]"
Davangere APMC,"[{'arrivalDate': '01/08/2026', 'total_arrivals': 3.0, 'data': [{'arrivals': 3.0, 'variety': 'Tomato', 'minimumPrice': 300.0, 'maximumPrice': 1200.0, 'modalPrice': 400.0}]}, {'arrivalDate': '04/08/2026', 'total_arrivals': 4.0, 'data': [{'arrivals': 4.0, 'variety': 'Tomato', 'minimumPrice': 300.0, 'maximumPrice': 1200.0, 'modalPrice': 450.0}]}, {'arrivalDate': '05/08/2026', 'total_arrivals': 3.0, 'data': [{'arrivals': 3.0, 'variety': 'Tomato', 'minimumPrice': 300.0, 'maximumPrice': 1100.0, 'modalPrice': 400.0}]}, {'arrivalDate': '06/08/2026', 'total_arrivals': 4.0, 'data': [{'arrivals': 4.0, 'variety': 'Tomato', 'minimumPrice': 300.0, 'maximumPrice': 1200.0, 'modalPrice': 500.0}]}, {'arrivalDate': '07/08/2026', 'total_arrivals': 3.0, 'data': [{'arrivals': 3.0, 'variety': 'Tomato', 'minimumPrice': 300.0, 'maximumPrice': 1300.0, 'modalPrice': 600.0}]}, {'arrivalDate': '11/08/2026', 'total_arrivals': 4.0, 'data': [{'arrivals': 4.0, 'variety': 'Tomato', 'minimumPrice': 400.0, 'maximumPrice': 1500.0, 'modalPrice': 800.0}]}, {'arrivalDate': '12/08/2026', 'total_arrivals': 4.5, 'data': [{'arrivals': 4.5, 'variety': 'Tomato', 'minimumPrice': 300.0, 'maximumPrice': 1400.0, 'modalPrice': 900.0}]}, {'arrivalDate': '14/08/2026', 'total_arrivals': 3.5, 'data': [{'arrivals': 3.5, 'variety': 'Tomato', 'minimumPrice': 200.0, 'maximumPrice': 700.0, 'modalPrice': 300.0}]}, {'arrivalDate': '18/08/2026', 'total_arrivals': 4.0, 'data': [{'arrivals': 4.0, 'variety': 'Tomato', 'minimumPrice': 250.0, 'maximumPrice': 800.0, 'modalPrice': 400.0}]}, {'arrivalDate': '19/08/2026', 'total_arrivals': 3.0, 'data': [{'arrivals': 3.0, 'variety': 'Tomato', 'minimumPrice': 200.0, 'maximumPrice': 600.0, 'modalPrice': 350.0}]}, {'arrivalDate': '20/08/2026', 'total_arrivals': 4.0, 'data': [{'arrivals': 4.0, 'variety': 'Tomato', 'minimumPrice': 100.0, 'maximumPrice': 500.0, 'modalPrice': 250.0}]}, {'arrivalDate': '21/08/2026', 'total_arrivals': 3.0, 'data': [{'arrivals': 3.0, 'variety': 'Tomato', 'minimumPrice': 100.0, 'maximumPrice': 600.0, 'modalPrice': 300.0}]}, {'arrivalDate': '25/08/2026', 'total_arrivals': 2.8000000000000003, 'data': [{'arrivals': 2.8000000000000003, 'variety': 'Tomato', 'minimumPrice': 100.0, 'maximumPrice': 600.0, 'modalPrice': 300.0}]}, {'arrivalDate': '27/08/2026', 'total_arrivals': 4.0, 'data': [{'arrivals': 4.0, 'variety': 'Tomato', 'minimumPrice': 100.0, 'maximumPrice': 700.0, 'modalPrice': 400.0}]}, {'arrivalDate': '28/08/2026', 'total_arrivals': 3.0, 'data': [{'arrivals': 3.0, 'variety': 'Tomato', 'minimumPrice': 100.0, 'maximumPrice': 800.0, 'modalPrice': 400.0}]}, {'arrivalDate': '29/08/2026', 'total_arrivals': 3.0, 'data': [{'arrivals': 3.0, 'variety': 'Tomato', 'minimumPrice': 100.0, 'maximumPrice': 700.0, 'modalPrice': 400.0}]}]"
Doddaballapur APMC,"[{'arrivalDate': '01/08/2026', 'total_arrivals': 1.8, 'data': [{'arrivals': 1.8, 'variety': 'Tomato', 'minimumPrice': 800.0, 'maximumPrice': 1400.0, 'modalPrice': 1000.0}]}, {'arrivalDate': '03/08/2026', 'total_arrivals': 2.7, 'data': [{'arrivals': 2.7, 'variety': 'Tomato', 'minimumPrice': 800.0, 'maximumPrice': 1400.0, 'modalPrice': 1000.0}]}, {'arrivalDate': '04/08/2026', 'total_arrivals': 2.0, 'data': [{'arrivals': 2.0, 'variety': 'Tomato', 'minimumPrice': 800.0, 'maximumPrice': 1200.0, 'modalPrice': 1000.0}]}, {'arrivalDate': '05/08/2026', 'total_arrivals': 2.2, 'data': [{'arrivals': 2.2, 'variety': 'Tomato', 'minimumPrice': 800.0, 'maximumPrice': 1200.0, 'modalPrice': 1000.0}]}, {'arrivalDate': '06/08/2026', 'total_arrivals': 1.8, 'data': [{'arrivals': 1.8, 'variety': 'Tomato', 'minimumPrice': 800.0, 'maximumPrice': 1400.0, 'modalPrice': 1000.0}]}, {'arrivalDate': '07/08/2026', 'total_arrivals': 1.8, 'data': [{'arrivals': 1.8, 'variety': 'Tomato', 'minimumPrice': 800.0, 'maximumPrice': 1400.0, 'modalPrice': 1000.0}]}, {'arrivalDate': '10/08/2026', 'total_arrivals': 1.8, 'data': [{'arrivals': 1.8, 'variety': 'Tomato', 'minimumPrice': 1000.0, 'maximumPrice': 1400.0, 'modalPrice': 1200.0}]}, {'arrivalDate': '11/08/2026', 'total_arrivals': 1.8, 'data': [{'arrivals': 1.8, 'variety': 'Tomato', 'minimumPrice': 800.0, 'maximumPrice': 1400.0, 'modalPrice': 1100.0}]}, {'arrivalDate': '12/08/2026', 'total_arrivals': 1.8, 'data': [{'arrivals': 1.8, 'variety': 'Tomato', 'minimumPrice': 1000.0, 'maximumPrice': 1500.0, 'modalPrice': 1200.0}]}, {'arrivalDate': '13/08/2026', 'total_arrivals': 1.8, 'data': [{'arrivals': 1.8, 'variety': 'Tomato', 'minimumPrice': 1000.0, 'maximumPrice': 1600.0, 'modalPrice': 1300.0}]}, {'arrivalDate': '14/08/2026', 'total_arrivals': 2.0, 'data': [{'arrivals': 2.0, 'variety': 'Tomato', 'minimumPrice': 1000.0, 'maximumPrice': 1500.0, 'modalPrice': 1300.0}]}, {'arrivalDate': '17/08/2026', 'total_arrivals': 2.2, 'data': [{'arrivals': 2.2, 'variety': 'Tomato', 'minimumPrice': 1000.0, 'maximumPrice': 1500.0, 'modalPrice': 1250.0}]}, {'arrivalDate': '18/08/2026', 'total_arrivals': 2.2, 'data': [{'arrivals': 2.2, 'variety': 'Tomato', 'minimumPrice': 1000.0, 'maximumPrice': 1600.0, 'modalPrice': 1300.0}]}, {'arrivalDate': '19/08/2026', 'total_arrivals': 2.0, 'data': [{'arrivals': 2.0, 'variety': 'Tomato', 'minimumPrice': 1000.0, 'maximumPrice': 1600.0, 'modalPrice': 1300.0}]}, {'arrivalDate': '21/08/2026', 'total_arrivals': 1.8, 'data': [{'arrivals': 1.8, 'variety': 'Tomato', 'minimumPrice': 1000.0, 'maximumPrice': 1600.0, 'modalPrice': 1300.0}]}, {'arrivalDate': '24/08/2026', 'total_arrivals': 1.7000000000000002, 'data': [{'arrivals': 1.7000000000000002, 'variety': 'Tomato', 'minimumPrice': 1000.0, 'maximumPrice': 1500.0, 'modalPrice': 1200.0}]}, {'arrivalDate': '25/08/2026', 'total_arrivals': 2.0, 'data': [{'arrivals': 2.0, 'variety': 'Tomato', 'minimumPrice': 1000.0, 'maximumPrice': 1500.0, 'modalPrice': 1300.0}]}, {'arrivalDate': '27/08/2026', 'total_arrivals': 2.2, 'data': [{'arrivals': 2.2, 'variety': 'Tomato', 'minimumPrice': 1000.0, 'maximumPrice': 1400.0, 'modalPrice': 1200.0}]}, {'arrivalDate': '28/08/2026', 'total_arrivals': 1.9000000000000001, 'data': [{'arrivals': 1.9000000000000001, 'variety': 'Tomato', 'minimumPrice': 800.0, 'maximumPrice': 1200.0, 'modalPrice': 1000.0}]}, {'arrivalDate': '29/08/2026', 'total_arrivals': 2.2, 'data': [{'arrivals': 2.2, 'variety': 'Tomato', 'minimumPrice': 800.0, 'maximumPrice': 1200.0, 'modalPrice': 1000.0}]}, {'arrivalDate': '31/08/2026', 'total_arrivals': 2.0, 'data': [{'arrivals': 2.0, 'variety': 'Tomato', 'minimumPrice': 1000.0, 'maximumPrice': 1400.0, 'modalPrice': 1200.0}]}]"
Gauribidanur APMC,"[{'arrivalDate': '01/08/2026', 'total_arrivals': 1.5, 'data': [{'arrivals': 1.5, 'variety': 'Tomato', 'minimumPrice': 400.0, 'maximumPrice': 1000.0, 'modalPrice': 800.0}]}, {'arrivalDate': '02/08/2026', 'total_arrivals': 1.5, 'data': [{'arrivals': 1.5, 'variety': 'Tomato', 'minimumPrice': 500.0, 'maximumPrice': 1000.0, 'modalPrice': 800.0}]}, {'arrivalDate': '03/08/2026', 'total_arrivals': 1.4000000000000001, 'data': [{'arrivals': 1.4000000000000001, 'variety': 'Tomato', 'minimumPrice': 400.0, 'maximumPrice': 1000.0, 'modalPrice': 800.0}]}, {'arrivalDate': '05/08/2026', 'total_arrivals': 1.5, 'data': [{'arrivals': 1.5, 'variety': 'Tomato', 'minimumPrice': 500.0, 'maximumPrice': 1000.0, 'modalPrice': 800.0}]}, {'arrivalDate': '06/08/2026', 'total_arrivals': 1.6, 'data': [{'arrivals': 1.6, 'variety': 'Tomato', 'minimumPrice': 500.0, 'maximumPrice': 1200.0, 'modalPrice': 1000.0}]}, {'arrivalDate': '07/08/2026', 'total_arrivals': 1.8, 'data': [{'arrivals': 1.8, 'variety': 'Tomato', 'minimumPrice': 500.0, 'maximumPrice': 1200.0, 'modalPrice': 1000.0}]}, {'arrivalDate': '08/08/2026', 'total_arrivals': 1.6, 'data': [{'arrivals': 1.6, 'variety': 'Tomato', 'minimumPrice': 500.0, 'maximumPrice': 1000.0, 'modalPrice': 800.0}]}, {'arrivalDate': '09/08/2026', 'total_arrivals': 1.6, 'data': [{'arrivals': 1.6, 'variety': 'Tomato', 'minimumPrice': 500.0, 'maximumPrice': 1000.0, 'modalPrice': 800.0}]}, {'arrivalDate': '10/08/2026', 'total_arrivals': 1.6, 'data': [{'arrivals': 1.6, 'variety': 'Tomato', 'minimumPrice': 500.0, 'maximumPrice': 1000.0, 'modalPrice': 800.0}]}, {'arrivalDate': '12/08/2026', 'total_arrivals': 1.5, 'data': [{'arrivals': 1.5, 'variety': 'Tomato', 'minimumPrice': 500.0, 'maximumPrice': 1000.0, 'modalPrice': 800.0}]}, {'arrivalDate': '14/08/2026', 'total_arrivals': 1.5, 'data': [{'arrivals': 1.5, 'variety': 'Tomato', 'minimumPrice': 600.0, 'maximumPrice': 1600.0, 'modalPrice': 1200.0}]}, {'arrivalDate': '15/08/2026', 'total_arrivals': 1.5, 'data': [{'arrivals': 1.5, 'variety': 'Tomato', 'minimumPrice': 600.0, 'maximumPrice': 1500.0, 'modalPrice': 1200.0}]}, {'arrivalDate': '16/08/2026', 'total_arrivals': 1.5, 'data': [{'arrivals': 1.5, 'variety': 'Tomato', 'minimumPrice': 600.0, 'maximumPrice': 1500.0, 'modalPrice': 1300.0}]}, {'arrivalDate': '17/08/2026', 'total_arrivals': 1.5, 'data': [{'arrivals': 1.5, 'variety': 'Tomato', 'minimumPrice': 600.0, 'maximumPrice': 1500.0, 'modalPrice': 1200.0}]}, {'arrivalDate': '19/08/2026', 'total_arrivals': 1.5, 'data': [{'arrivals': 1.5, 'variety': 'Tomato', 'minimumPrice': 600.0, 'maximumPrice': 1500.0, 'modalPrice': 1000.0}]}, {'arrivalDate': '20/08/2026', 'total_arrivals': 1.5, 'data': [{'arrivals': 1.5, 'variety': 'Tomato', 'minimumPrice': 600.0, 'maximumPrice': 1500.0, 'modalPrice': 1200.0}]}, {'arrivalDate': '21/08/2026', 'total_arrivals': 1.5, 'data': [{'arrivals': 1.5, 'variety': 'Tomato', 'minimumPrice': 800.0, 'maximumPrice': 1200.0, 'modalPrice': 1000.0}]}, {'arrivalDate': '22/08/2026', 'total_arrivals': 0.30000000000000004, 'data': [{'arrivals': 0.30000000000000004, 'variety': 'Tomato', 'minimumPrice': 500.0, 'maximumPrice': 1000.0, 'modalPrice': 800.0}]}, {'arrivalDate': '23/08/2026', 'total_arrivals': 1.5, 'data': [{'arrivals': 1.5, 'variety': 'Tomato', 'minimumPrice': 500.0, 'maximumPrice': 1000.0, 'modalPrice': 800.0}]}, {'arrivalDate': '24/08/2026', 'total_arrivals': 1.2000000000000002, 'data': [{'arrivals': 1.2000000000000002, 'variety': 'Tomato', 'minimumPrice': 500.0, 'maximumPrice': 1200.0, 'modalPrice': 1000.0}]}, {'arrivalDate': '26/08/2026', 'total_arrivals': 1.5, 'data': [{'arrivals': 1.5, 'variety': 'Tomato', 'minimumPrice': 600.0, 'maximumPrice': 1000.0, 'modalPrice': 800.0}]}, {'arrivalDate': '27/08/2026', 'total_arrivals': 1.5, 'data': [{'arrivals': 1.5, 'variety': 'Tomato', 'minimumPrice': 800.0, 'maximumPrice': 1500.0, 'modalPrice': 1300.0}]}, {'arrivalDate': '28/08/2026', 'total_arrivals': 1.5, 'data': [{'arrivals': 1.5, 'variety': 'Tomato', 'minimumPrice': 600.0, 'maximumPrice': 1500.0, 'modalPrice': 1300.0}]}, {'arrivalDate': '29/08/2026', 'total_arrivals': 1.5, 'data': [{'arrivals': 1.5, 'variety': 'Tomato', 'minimumPrice': 600.0, 'maximumPrice': 1500.0, 'modalPrice': 1300.0}]}, {'arrivalDate': '30/08/2026', 'total_arrivals': 1.2000000000000002, 'data': [{'arrivals': 1.2000000000000002, 'variety': 'Tomato', 'minimumPrice': 600.0, 'maximumPrice': 1500.0, 'modalPrice': 1200.0}]}, {'arrivalDate': '31/08/2026', 'total_arrivals': 1.5, 'data': [{'arrivals': 1.5, 'variety': 'Tomato', 'minimumPrice': 800.0, 'maximumPrice': 1500.0, 'modalPrice': 1200.0}]}]"
Gundlupet APMC,"[{'arrivalDate': '01/08/2026', 'total_arrivals': 37.5, 'data': [{'arrivals': 37.5, 'variety': 'Tomato', 'minimumPrice': 800.0, 'maximumPrice': 800.0, 'modalPrice': 800.0}]}, {'arrivalDate': '03/08/2026', 'total_arrivals': 44.400000000000006, 'data': [{'arrivals': 44.400000000000006, 'variety': 'Tomato', 'minimumPrice': 600.0, 'maximumPrice': 800.0, 'modalPrice': 600.0}]}, {'arrivalDate': '04/08/2026', 'total_arrivals': 42.7, 'data': [{'arrivals': 42.7, 'variety': 'Tomato', 'minimumPrice': 400.0, 'maximumPrice': 600.0, 'modalPrice': 400.0}]}, {'arrivalDate': '05/08/2026', 'total_arrivals': 18.7, 'data': [{'arrivals': 18.7, 'variety': 'Tomato', 'minimumPrice': 600.0, 'maximumPrice': 800.0, 'modalPrice': 700.0}]}, {'arrivalDate': '06/08/2026', 'total_arrivals': 17.8, 'data': [{'arrivals': 17.8, 'variety': 'Tomato', 'minimumPrice': 800.0, 'maximumPrice': 1000.0, 'modalPrice': 900.0}]}, {'arrivalDate': '07/08/2026', 'total_arrivals': 15.0, 'data': [{'arrivals': 15.0, 'variety': 'Tomato', 'minimumPrice': 900.0, 'maximumPrice': 1000.0, 'modalPrice': 900.0}]}, {'arrivalDate': '10/08/2026', 'total_arrivals': 44.1, 'data': [{'arrivals': 44.1, 'variety': 'Tomato', 'minimumPrice': 800.0, 'maximumPrice': 1000.0, 'modalPrice': 900.0}]}, {'arrivalDate': '11/08/2026', 'total_arrivals': 21.1, 'data': [{'arrivals': 21.1, 'variety': 'Tomato', 'minimumPrice': 800.0, 'maximumPrice': 1000.0, 'modalPrice': 900.0}]}, {'arrivalDate': '12/08/2026', 'total_arrivals': 34.5, 'data': [{'arrivals': 34.5, 'variety': 'Tomato', 'minimumPrice': 800.0, 'maximumPrice': 1000.0, 'modalPrice': 900.0}]}, {'arrivalDate': '13/08/2026', 'total_arrivals': 10.9, 'data': [{'arrivals': 10.9, 'variety': 'Tomato', 'minimumPrice': 1100.0, 'maximumPrice': 1300.0, 'modalPrice': 1200.0}]}, {'arrivalDate': '14/08/2026', 'total_arrivals': 13.3, 'data': [{'arrivals': 13.3, 'variety': 'Tomato', 'minimumPrice': 1100.0, 'maximumPrice': 1300.0, 'modalPrice': 1200.0}]}, {'arrivalDate': '17/08/2026', 'total_arrivals': 40.6, 'data': [{'arrivals': 40.6, 'variety': 'Tomato', 'minimumPrice': 900.0, 'maximumPrice': 11000.0, 'modalPrice': 1000.0}]}, {'arrivalDate': '18/08/2026', 'total_arrivals': 14.5, 'data': [{'arrivals': 14.5, 'variety': 'Tomato', 'minimumPrice': 800.0, 'maximumPrice': 1000.0, 'modalPrice': 900.0}]}, {'arrivalDate': '19/08/2026', 'total_arrivals': 22.6, 'data': [{'arrivals': 22.6, 'variety': 'Tomato', 'minimumPrice': 900.0, 'maximumPrice': 1100.0, 'modalPrice': 1000.0}]}, {'arrivalDate': '20/08/2026', 'total_arrivals': 11.9, 'data': [{'arrivals': 11.9, 'variety': 'Tomato', 'minimumPrice': 1000.0, 'maximumPrice': 1200.0, 'modalPrice': 1100.0}]}, {'arrivalDate': '24/08/2026', 'total_arrivals': 30.900000000000002, 'data': [{'arrivals': 30.900000000000002, 'variety': 'Tomato', 'minimumPrice': 1000.0, 'maximumPrice': 1200.0, 'modalPrice': 1100.0}]}, {'arrivalDate': '25/08/2026', 'total_arrivals': 34.800000000000004, 'data': [{'arrivals': 34.800000000000004, 'variety': 'Tomato', 'minimumPrice': 600.0, 'maximumPrice': 800.0, 'modalPrice': 700.0}]}, {'arrivalDate': '27/08/2026', 'total_arrivals': 10.4, 'data': [{'arrivals': 10.4, 'variety': 'Tomato', 'minimumPrice': 800.0, 'maximumPrice': 800.0, 'modalPrice': 800.0}]}, {'arrivalDate': '28/08/2026', 'total_arrivals': 17.6, 'data': [{'arrivals': 17.6, 'variety': 'Tomato', 'minimumPrice': 1000.0, 'maximumPrice': 1100.0, 'modalPrice': 1000.0}]}, {'arrivalDate': '29/08/2026', 'total_arrivals': 17.6, 'data': [{'arrivals': 17.6, 'variety': 'Tomato', 'minimumPrice': 900.0, 'maximumPrice': 1100.0, 'modalPrice': 1000.0}]}, {'arrivalDate': '31/08/2026', 'total_arrivals': 15.3, 'data': [{'arrivals': 15.3, 'variety': 'Tomato', 'minimumPrice': 1300.0, 'maximumPrice': 1500.0, 'modalPrice': 1400.0}]}]"
Hassan APMC,"[{'arrivalDate': '05/08/2026', 'total_arrivals': 16.2, 'data': [{'arrivals': 16.2, 'variety': 'Tomato', 'minimumPrice': 1500.0, 'maximumPrice': 1500.0, 'modalPrice': 1500.0}]}, {'arrivalDate': '06/08/2026', 'total_arrivals': 4.800000000000001, 'data': [{'arrivals': 4.800000000000001, 'variety': 'Tomato', 'minimumPrice': 1500.0, 'maximumPrice': 1500.0, 'modalPrice': 1500.0}]}, {'arrivalDate': '12/08/2026', 'total_arrivals': 16.0, 'data': [{'arrivals': 16.0, 'variety': 'Tomato', 'minimumPrice': 1083.0, 'maximumPrice': 1500.0, 'modalPrice': 1083.0}]}, {'arrivalDate': '19/08/2026', 'total_arrivals': 19.3, 'data': [{'arrivals': 19.3, 'variety': 'Tomato', 'minimumPrice': 1500.0, 'maximumPrice': 1500.0, 'modalPrice': 1500.0}]}]"
Hospet APMC,"[{'arrivalDate': '01/08/2026', 'total_arrivals': 10.600000000000001, 'data': [{'arrivals': 10.600000000000001, 'variety': 'Tomato', 'minimumPrice': 1000.0, 'maximumPrice': 1000.0, 'modalPrice': 1000.0}]}, {'arrivalDate': '02/08/2026', 'total_arrivals': 12.200000000000001, 'data': [{'arrivals': 12.200000000000001, 'variety': 'Tomato', 'minimumPrice': 800.0, 'maximumPrice': 1000.0, 'modalPrice': 1000.0}]}, {'arrivalDate': '03/08/2026', 'total_arrivals': 5.1000000000000005, 'data': [{'arrivals': 5.1000000000000005, 'variety': 'Tomato', 'minimumPrice': 800.0, 'maximumPrice': 1000.0, 'modalPrice': 1000.0}]}, {'arrivalDate': '04/08/2026', 'total_arrivals': 2.8000000000000003, 'data': [{'arrivals': 2.8000000000000003, 'variety': 'Tomato', 'minimumPrice': 1600.0, 'maximumPrice': 1800.0, 'modalPrice': 1800.0}]}, {'arrivalDate': '05/08/2026', 'total_arrivals': 4.800000000000001, 'data': [{'arrivals': 4.800000000000001, 'variety': 'Tomato', 'minimumPrice': 500.0, 'maximumPrice': 800.0, 'modalPrice': 600.0}]}, {'arrivalDate': '07/08/2026', 'total_arrivals': 6.0, 'data': [{'arrivals': 6.0, 'variety': 'Tomato', 'minimumPrice': 700.0, 'maximumPrice': 800.0, 'modalPrice': 800.0}]}, {'arrivalDate': '08/08/2026', 'total_arrivals': 13.0, 'data': [{'arrivals': 13.0, 'variety': 'Tomato', 'minimumPrice': 700.0, 'maximumPrice': 800.0, 'modalPrice': 800.0}]}, {'arrivalDate': '09/08/2026', 'total_arrivals': 3.0, 'data': [{'arrivals': 3.0, 'variety': 'Tomato', 'minimumPrice': 800.0, 'maximumPrice': 1000.0, 'modalPrice': 800.0}]}, {'arrivalDate': '10/08/2026', 'total_arrivals': 3.0, 'data': [{'arrivals': 3.0, 'variety': 'Tomato', 'minimumPrice': 700.0, 'maximumPrice': 800.0, 'modalPrice': 800.0}]}, {'arrivalDate': '11/08/2026', 'total_arrivals': 3.0, 'data': [{'arrivals': 3.0, 'variety': 'Tomato', 'minimumPrice': 700.0, 'maximumPrice': 800.0, 'modalPrice': 800.0}]}, {'arrivalDate': '12/08/2026', 'total_arrivals': 8.5, 'data': [{'arrivals': 8.5, 'variety': 'Tomato', 'minimumPrice': 800.0, 'maximumPrice': 1000.0, 'modalPrice': 900.0}]}, {'arrivalDate': '14/08/2026', 'total_arrivals': 3.5, 'data': [{'arrivals': 3.5, 'variety': 'Tomato', 'minimumPrice': 700.0, 'maximumPrice': 1000.0, 'modalPrice': 800.0}]}, {'arrivalDate': '15/08/2026', 'total_arrivals': 4.0, 'data': [{'arrivals': 4.0, 'variety': 'Tomato', 'minimumPrice': 800.0, 'maximumPrice': 1000.0, 'modalPrice': 800.0}]}, {'arrivalDate': '16/08/2026', 'total_arrivals': 3.0, 'data': [{'arrivals': 3.0, 'variety': 'Tomato', 'minimumPrice': 800.0, 'maximumPrice': 1000.0, 'modalPrice': 1000.0}]}, {'arrivalDate': '17/08/2026', 'total_arrivals': 12.0, 'data': [{'arrivals': 12.0, 'variety': 'Tomato', 'minimumPrice': 800.0, 'maximumPrice': 900.0, 'modalPrice': 900.0}]}, {'arrivalDate': '18/08/2026', 'total_arrivals': 18.7, 'data': [{'arrivals': 18.7, 'variety': 'Tomato', 'minimumPrice': 800.0, 'maximumPrice': 1000.0, 'modalPrice': 1000.0}]}, {'arrivalDate': '19/08/2026', 'total_arrivals': 4.3, 'data': [{'arrivals': 4.3, 'variety': 'Tomato', 'minimumPrice': 1800.0, 'maximumPrice': 1900.0, 'modalPrice': 1800.0}]}, {'arrivalDate': '21/08/2026', 'total_arrivals': 2.2, 'data': [{'arrivals': 2.2, 'variety': 'Tomato', 'minimumPrice': 500.0, 'maximumPrice': 800.0, 'modalPrice': 700.0}]}, {'arrivalDate': '22/08/2026', 'total_arrivals': 13.0, 'data': [{'arrivals': 13.0, 'variety': 'Tomato', 'minimumPrice': 600.0, 'maximumPrice': 800.0, 'modalPrice': 600.0}]}, {'arrivalDate': '23/08/2026', 'total_arrivals': 2.9000000000000004, 'data': [{'arrivals': 2.9000000000000004, 'variety': 'Tomato', 'minimumPrice': 600.0, 'maximumPrice': 800.0, 'modalPrice': 600.0}]}, {'arrivalDate': '24/08/2026', 'total_arrivals': 5.6000000000000005, 'data': [{'arrivals': 5.6000000000000005, 'variety': 'Tomato', 'minimumPrice': 600.0, 'maximumPrice': 800.0, 'modalPrice': 600.0}]}, {'arrivalDate': '25/08/2026', 'total_arrivals': 4.5, 'data': [{'arrivals': 4.5, 'variety': 'Tomato', 'minimumPrice': 500.0, 'maximumPrice': 600.0, 'modalPrice': 600.0}]}, {'arrivalDate': '26/08/2026', 'total_arrivals': 2.2, 'data': [{'arrivals': 2.2, 'variety': 'Tomato', 'minimumPrice': 500.0, 'maximumPrice': 800.0, 'modalPrice': 800.0}]}, {'arrivalDate': '29/08/2026', 'total_arrivals': 8.0, 'data': [{'arrivals': 8.0, 'variety': 'Tomato', 'minimumPrice': 700.0, 'maximumPrice': 800.0, 'modalPrice': 800.0}]}, {'arrivalDate': '30/08/2026', 'total_arrivals': 7.0, 'data': [{'arrivals': 7.0, 'variety': 'Tomato', 'minimumPrice': 700.0, 'maximumPrice': 800.0, 'modalPrice': 800.0}]}, {'arrivalDate': '31/08/2026', 'total_arrivals': 4.6000000000000005, 'data': [{'arrivals': 4.6000000000000005, 'variety': 'Tomato', 'minimumPrice': 700.0, 'maximumPrice': 1000.0, 'modalPrice': 800.0}]}]"
Hunsur APMC,"[{'arrivalDate': '11/08/2026', 'total_arrivals': 6.6000000000000005, 'data': [{'arrivals': 6.6000000000000005, 'variety': 'Tomato', 'minimumPrice': 1212.0, 'maximumPrice': 1212.0, 'modalPrice': 1212.0}]}, {'arrivalDate': '20/08/2026', 'total_arrivals': 15.0, 'data': [{'arrivals': 15.0, 'variety': 'Tomato', 'minimumPrice': 1833.0, 'maximumPrice': 2040.0, 'modalPrice': 2040.0}]}, {'arrivalDate': '21/08/2026', 'total_arrivals': 0.8, 'data': [{'arrivals': 0.8, 'variety': 'Tomato', 'minimumPrice': 2075.0, 'maximumPrice': 2075.0, 'modalPrice': 2075.0}]}, {'arrivalDate': '27/08/2026', 'total_arrivals': 8.0, 'data': [{'arrivals': 8.0, 'variety': 'Tomato', 'minimumPrice': 1000.0, 'maximumPrice': 1000.0, 'modalPrice': 1000.0}]}, {'arrivalDate': '28/08/2026', 'total_arrivals': 8.5, 'data': [{'arrivals': 8.5, 'variety': 'Tomato', 'minimumPrice': 1200.0, 'maximumPrice': 1200.0, 'modalPrice': 1200.0}]}, {'arrivalDate': '29/08/2026', 'total_arrivals': 13.4, 'data': [{'arrivals': 13.4, 'variety': 'Tomato', 'minimumPrice': 1097.0, 'maximumPrice': 1660.0, 'modalPrice': 1200.0}]}, {'arrivalDate': '31/08/2026', 'total_arrivals': 4.0, 'data': [{'arrivals': 4.0, 'variety': 'Tomato', 'minimumPrice': 2000.0, 'maximumPrice': 2000.0, 'modalPrice': 2000.0}]}]"
K.R. Pet APMC,"[{'arrivalDate': '02/08/2026', 'total_arrivals': 11.700000000000001, 'data': [{'arrivals': 11.700000000000001, 'variety': 'Tomato', 'minimumPrice': 800.0, 'maximumPrice': 800.0, 'modalPrice': 800.0}]}, {'arrivalDate': '04/08/2026', 'total_arrivals': 1.2000000000000002, 'data': [{'arrivals': 1.2000000000000002, 'variety': 'Tomato', 'minimumPrice': 800.0, 'maximumPrice': 800.0, 'modalPrice': 800.0}]}, {'arrivalDate': '07/08/2026', 'total_arrivals': 1.0, 'data': [{'arrivals': 1.0, 'variety': 'Tomato', 'minimumPrice': 1000.0, 'maximumPrice': 1000.0, 'modalPrice': 1000.0}]}, {'arrivalDate': '08/08/2026', 'total_arrivals': 3.0, 'data': [{'arrivals': 3.0, 'variety': 'Tomato', 'minimumPrice': 900.0, 'maximumPrice': 900.0, 'modalPrice': 900.0}]}, {'arrivalDate': '11/08/2026', 'total_arrivals': 1.0, 'data': [{'arrivals': 1.0, 'variety': 'Tomato', 'minimumPrice': 600.0, 'maximumPrice': 600.0, 'modalPrice': 600.0}]}, {'arrivalDate': '14/08/2026', 'total_arrivals': 0.5, 'data': [{'arrivals': 0.5, 'variety': 'Tomato', 'minimumPrice': 500.0, 'maximumPrice': 500.0, 'modalPrice': 500.0}]}, {'arrivalDate': '18/08/2026', 'total_arrivals': 1.0, 'data': [{'arrivals': 1.0, 'variety': 'Tomato', 'minimumPrice': 1000.0, 'maximumPrice': 1000.0, 'modalPrice': 1000.0}]}, {'arrivalDate': '21/08/2026', 'total_arrivals': 0.5, 'data': [{'arrivals': 0.5, 'variety': 'Tomato', 'minimumPrice': 1000.0, 'maximumPrice': 1000.0, 'modalPrice': 1000.0}]}, {'arrivalDate': '25/08/2026', 'total_arrivals': 4.0, 'data': [{'arrivals': 4.0, 'variety': 'Tomato', 'minimumPrice': 700.0, 'maximumPrice': 800.0, 'modalPrice': 800.0}]}, {'arrivalDate': '26/08/2026', 'total_arrivals': 2.5, 'data': [{'arrivals': 2.5, 'variety': 'Tomato', 'minimumPrice': 800.0, 'maximumPrice': 800.0, 'modalPrice': 800.0}]}, {'arrivalDate': '28/08/2026', 'total_arrivals': 1.0, 'data': [{'arrivals': 1.0, 'variety': 'Tomato', 'minimumPrice': 1000.0, 'maximumPrice': 1000.0, 'modalPrice': 1000.0}]}]"
Kadur APMC,"[{'arrivalDate': '01/08/2026', 'total_arrivals': 27.3, 'data': [{'arrivals': 27.3, 'variety': 'Tomato', 'minimumPrice': 1111.0, 'maximumPrice': 1665.0, 'modalPrice': 1387.0}]}, {'arrivalDate': '03/08/2026', 'total_arrivals': 41.6, 'data': [{'arrivals': 41.6, 'variety': 'Tomato', 'minimumPrice': 1190.0, 'maximumPrice': 1513.0, 'modalPrice': 1387.0}]}, {'arrivalDate': '04/08/2026', 'total_arrivals': 24.0, 'data': [{'arrivals': 24.0, 'variety': 'Tomato', 'minimumPrice': 1190.0, 'maximumPrice': 1666.0, 'modalPrice': 1513.0}]}, {'arrivalDate': '05/08/2026', 'total_arrivals': 27.700000000000003, 'data': [{'arrivals': 27.700000000000003, 'variety': 'Tomato', 'minimumPrice': 1219.0, 'maximumPrice': 1850.0, 'modalPrice': 1513.0}]}, {'arrivalDate': '06/08/2026', 'total_arrivals': 25.8, 'data': [{'arrivals': 25.8, 'variety': 'Tomato', 'minimumPrice': 905.0, 'maximumPrice': 1665.0, 'modalPrice': 1388.0}]}, {'arrivalDate': '07/08/2026', 'total_arrivals': 23.8, 'data': [{'arrivals': 23.8, 'variety': 'Tomato', 'minimumPrice': 1156.0, 'maximumPrice': 1665.0, 'modalPrice': 1387.0}]}, {'arrivalDate': '10/08/2026', 'total_arrivals': 71.9, 'data': [{'arrivals': 71.9, 'variety': 'Tomato', 'minimumPrice': 1111.0, 'maximumPrice': 1387.0, 'modalPrice': 1282.0}]}, {'arrivalDate': '11/08/2026', 'total_arrivals': 25.900000000000002, 'data': [{'arrivals': 25.900000000000002, 'variety': 'Tomato', 'minimumPrice': 1110.0, 'maximumPrice': 1387.0, 'modalPrice': 1280.0}]}, {'arrivalDate': '12/08/2026', 'total_arrivals': 30.900000000000002, 'data': [{'arrivals': 30.900000000000002, 'variety': 'Tomato', 'minimumPrice': 1041.0, 'maximumPrice': 1513.0, 'modalPrice': 1280.0}]}, {'arrivalDate': '13/08/2026', 'total_arrivals': 17.900000000000002, 'data': [{'arrivals': 17.900000000000002, 'variety': 'Tomato', 'minimumPrice': 1067.0, 'maximumPrice': 1280.0, 'modalPrice': 1162.0}]}, {'arrivalDate': '14/08/2026', 'total_arrivals': 29.6, 'data': [{'arrivals': 29.6, 'variety': 'Tomato', 'minimumPrice': 1096.0, 'maximumPrice': 1250.0, 'modalPrice': 1190.0}]}, {'arrivalDate': '17/08/2026', 'total_arrivals': 73.7, 'data': [{'arrivals': 73.7, 'variety': 'Tomato', 'minimumPrice': 1015.0, 'maximumPrice': 1387.0, 'modalPrice': 1250.0}]}, {'arrivalDate': '18/08/2026', 'total_arrivals': 21.400000000000002, 'data': [{'arrivals': 21.400000000000002, 'variety': 'Tomato', 'minimumPrice': 1041.0, 'maximumPrice': 1136.0, 'modalPrice': 1115.0}]}, {'arrivalDate': '19/08/2026', 'total_arrivals': 30.8, 'data': [{'arrivals': 30.8, 'variety': 'Tomato', 'minimumPrice': 1041.0, 'maximumPrice': 1387.0, 'modalPrice': 1315.0}]}, {'arrivalDate': '20/08/2026', 'total_arrivals': 11.4, 'data': [{'arrivals': 11.4, 'variety': 'Tomato', 'minimumPrice': 1156.0, 'maximumPrice': 1190.0, 'modalPrice': 1156.0}]}, {'arrivalDate': '21/08/2026', 'total_arrivals': 29.900000000000002, 'data': [{'arrivals': 29.900000000000002, 'variety': 'Tomato', 'minimumPrice': 1041.0, 'maximumPrice': 1387.0, 'modalPrice': 1280.0}]}, {'arrivalDate': '24/08/2026', 'total_arrivals': 57.7, 'data': [{'arrivals': 57.7, 'variety': 'Tomato', 'minimumPrice': 1020.0, 'maximumPrice': 1387.0, 'modalPrice': 1280.0}]}, {'arrivalDate': '25/08/2026', 'total_arrivals': 13.700000000000001, 'data': [{'arrivals': 13.700000000000001, 'variety': 'Tomato', 'minimumPrice': 1041.0, 'maximumPrice': 1189.0, 'modalPrice': 1110.0}]}, {'arrivalDate': '27/08/2026', 'total_arrivals': 36.0, 'data': [{'arrivals': 36.0, 'variety': 'Tomato', 'minimumPrice': 1041.0, 'maximumPrice': 1280.0, 'modalPrice': 1189.0}]}, {'arrivalDate': '28/08/2026', 'total_arrivals': 34.2, 'data': [{'arrivals': 34.2, 'variety': 'Tomato', 'minimumPrice': 895.0, 'maximumPrice': 961.0, 'modalPrice': 925.0}]}, {'arrivalDate': '29/08/2026', 'total_arrivals': 10.600000000000001, 'data': [{'arrivals': 10.600000000000001, 'variety': 'Tomato', 'minimumPrice': 909.0, 'maximumPrice': 1040.0, 'modalPrice': 979.0}]}, {'arrivalDate': '31/08/2026', 'total_arrivals': 33.6, 'data': [{'arrivals': 33.6, 'variety': 'Tomato', 'minimumPrice': 813.0, 'maximumPrice': 1040.0, 'modalPrice': 979.0}]}]"
Kalaburagi APMC,"[{'arrivalDate': '01/08/2026', 'total_arrivals': 9.5, 'data': [{'arrivals': 9.5, 'variety': 'Tomato', 'minimumPrice': 1000.0, 'maximumPrice': 1800.0, 'modalPrice': 1400.0}]}, {'arrivalDate': '03/08/2026', 'total_arrivals': 9.0, 'data': [{'arrivals': 9.0, 'variety': 'Tomato', 'minimumPrice': 1000.0, 'maximumPrice': 1700.0, 'modalPrice': 1350.0}]}, {'arrivalDate': '04/08/2026', 'total_arrivals': 8.0, 'data': [{'arrivals': 8.0, 'variety': 'Tomato', 'minimumPrice': 1000.0, 'maximumPrice': 1500.0, 'modalPrice': 1250.0}]}, {'arrivalDate': '05/08/2026', 'total_arrivals': 9.0, 'data': [{'arrivals': 9.0, 'variety': 'Tomato', 'minimumPrice': 1000.0, 'maximumPrice': 1500.0, 'modalPrice': 1250.0}]}, {'arrivalDate': '07/08/2026', 'total_arrivals': 8.0, 'data': [{'arrivals': 8.0, 'variety': 'Tomato', 'minimumPrice': 1000.0, 'maximumPrice': 1600.0, 'modalPrice': 1300.0}]}, {'arrivalDate': '08/08/2026', 'total_arrivals': 9.0, 'data': [{'arrivals': 9.0, 'variety': 'Tomato', 'minimumPrice': 600.0, 'maximumPrice': 800.0, 'modalPrice': 700.0}]}, {'arrivalDate': '11/08/2026', 'total_arrivals': 7.0, 'data': [{'arrivals': 7.0, 'variety': 'Tomato', 'minimumPrice': 600.0, 'maximumPrice': 600.0, 'modalPrice': 600.0}]}, {'arrivalDate': '17/08/2026', 'total_arrivals': 9.0, 'data': [{'arrivals': 9.0, 'variety': 'Tomato', 'minimumPrice': 2000.0, 'maximumPrice': 3000.0, 'modalPrice': 2500.0}]}, {'arrivalDate': '18/08/2026', 'total_arrivals': 9.0, 'data': [{'arrivals': 9.0, 'variety': 'Tomato', 'minimumPrice': 2000.0, 'maximumPrice': 3000.0, 'modalPrice': 2500.0}]}, {'arrivalDate': '19/08/2026', 'total_arrivals': 10.0, 'data': [{'arrivals': 10.0, 'variety': 'Tomato', 'minimumPrice': 2000.0, 'maximumPrice': 3400.0, 'modalPrice': 2700.0}]}, {'arrivalDate': '21/08/2026', 'total_arrivals': 8.0, 'data': [{'arrivals': 8.0, 'variety': 'Tomato', 'minimumPrice': 2000.0, 'maximumPrice': 3000.0, 'modalPrice': 2500.0}]}, {'arrivalDate': '22/08/2026', 'total_arrivals': 10.0, 'data': [{'arrivals': 10.0, 'variety': 'Tomato', 'minimumPrice': 2000.0, 'maximumPrice': 3000.0, 'modalPrice': 2500.0}]}, {'arrivalDate': '24/08/2026', 'total_arrivals': 9.0, 'data': [{'arrivals': 9.0, 'variety': 'Tomato', 'minimumPrice': 2000.0, 'maximumPrice': 2800.0, 'modalPrice': 2400.0}]}, {'arrivalDate': '25/08/2026', 'total_arrivals': 8.0, 'data': [{'arrivals': 8.0, 'variety': 'Tomato', 'minimumPrice': 2000.0, 'maximumPrice': 2400.0, 'modalPrice': 2200.0}]}, {'arrivalDate': '26/08/2026', 'total_arrivals': 9.5, 'data': [{'arrivals': 9.5, 'variety': 'Tomato', 'minimumPrice': 2000.0, 'maximumPrice': 2500.0, 'modalPrice': 2250.0}]}, {'arrivalDate': '28/08/2026', 'total_arrivals': 8.5, 'data': [{'arrivals': 8.5, 'variety': 'Tomato', 'minimumPrice': 2000.0, 'maximumPrice': 2200.0, 'modalPrice': 2100.0}]}]"
Kanakapura APMC,"[{'arrivalDate': '01/08/2026', 'total_arrivals': 1.1, 'data': [{'arrivals': 1.1, 'variety': 'Hybrid', 'minimumPrice': 500.0, 'maximumPrice': 1200.0, 'modalPrice': 800.0}]}, {'arrivalDate': '03/08/2026', 'total_arrivals': 0.6000000000000001, 'data': [{'arrivals': 0.6000000000000001, 'variety': 'Hybrid', 'minimumPrice': 600.0, 'maximumPrice': 1300.0, 'modalPrice': 1000.0}]}, {'arrivalDate': '04/08/2026', 'total_arrivals': 0.8, 'data': [{'arrivals': 0.8, 'variety': 'Hybrid', 'minimumPrice': 600.0, 'maximumPrice': 1200.0, 'modalPrice': 1000.0}]}, {'arrivalDate': '05/08/2026', 'total_arrivals': 0.4, 'data': [{'arrivals': 0.4, 'variety': 'Hybrid', 'minimumPrice': 700.0, 'maximumPrice': 1300.0, 'modalPrice': 1000.0}]}, {'arrivalDate': '06/08/2026', 'total_arrivals': 1.2000000000000002, 'data': [{'arrivals': 1.2000000000000002, 'variety': 'Hybrid', 'minimumPrice': 600.0, 'maximumPrice': 1200.0, 'modalPrice': 800.0}]}, {'arrivalDate': '07/08/2026', 'total_arrivals': 1.3, 'data': [{'arrivals': 1.3, 'variety': 'Hybrid', 'minimumPrice': 600.0, 'maximumPrice': 1000.0, 'modalPrice': 800.0}]}, {'arrivalDate': '08/08/2026', 'total_arrivals': 1.2000000000000002, 'data': [{'arrivals': 1.2000000000000002, 'variety': 'Hybrid', 'minimumPrice': 600.0, 'maximumPrice': 1200.0, 'modalPrice': 1000.0}]}, {'arrivalDate': '10/08/2026', 'total_arrivals': 1.2000000000000002, 'data': [{'arrivals': 1.2000000000000002, 'variety': 'Hybrid', 'minimumPrice': 600.0, 'maximumPrice': 1200.0, 'modalPrice': 1000.0}]}, {'arrivalDate': '11/08/2026', 'total_arrivals': 1.1, 'data': [{'arrivals': 1.1, 'variety': 'Hybrid', 'minimumPrice': 600.0, 'maximumPrice': 1200.0, 'modalPrice': 1000.0}]}, {'arrivalDate': '12/08/2026', 'total_arrivals': 0.4, 'data': [{'arrivals': 0.4, 'variety': 'Hybrid', 'minimumPrice': 1500.0, 'maximumPrice': 2000.0, 'modalPrice': 1800.0}]}, {'arrivalDate': '13/08/2026', 'total_arrivals': 0.6000000000000001, 'data': [{'arrivals': 0.6000000000000001, 'variety': 'Hybrid', 'minimumPrice': 1000.0, 'maximumPrice': 2000.0, 'modalPrice': 1500.0}]}, {'arrivalDate': '14/08/2026', 'total_arrivals': 0.7000000000000001, 'data': [{'arrivals': 0.7000000000000001, 'variety': 'Hybrid', 'minimumPrice': 800.0, 'maximumPrice': 1500.0, 'modalPrice': 1200.0}]}, {'arrivalDate': '17/08/2026', 'total_arrivals': 0.9, 'data': [{'arrivals': 0.9, 'variety': 'Hybrid', 'minimumPrice': 800.0, 'maximumPrice': 1500.0, 'modalPrice': 1200.0}]}, {'arrivalDate': '18/08/2026', 'total_arrivals': 0.8, 'data': [{'arrivals': 0.8, 'variety': 'Hybrid', 'minimumPrice': 800.0, 'maximumPrice': 1600.0, 'modalPrice': 1200.0}]}, {'arrivalDate': '19/08/2026', 'total_arrivals': 0.9, 'data': [{'arrivals': 0.9, 'variety': 'Hybrid', 'minimumPrice': 800.0, 'maximumPrice': 1500.0, 'modalPrice': 1200.0}]}, {'arrivalDate': '20/08/2026', 'total_arrivals': 0.8, 'data': [{'arrivals': 0.8, 'variety': 'Hybrid', 'minimumPrice': 800.0, 'maximumPrice': 1500.0, 'modalPrice': 1200.0}]}, {'arrivalDate': '21/08/2026', 'total_arrivals': 1.1, 'data': [{'arrivals': 1.1, 'variety': 'Hybrid', 'minimumPrice': 600.0, 'maximumPrice': 1000.0, 'modalPrice': 800.0}]}, {'arrivalDate': '22/08/2026', 'total_arrivals': 0.6000000000000001, 'data': [{'arrivals': 0.6000000000000001, 'variety': 'Hybrid', 'minimumPrice': 600.0, 'maximumPrice': 1200.0, 'modalPrice': 1000.0}]}, {'arrivalDate': '24/08/2026', 'total_arrivals': 0.8, 'data': [{'arrivals': 0.8, 'variety': 'Hybrid', 'minimumPrice': 700.0, 'maximumPrice': 1300.0, 'modalPrice': 1000.0}]}, {'arrivalDate': '25/08/2026', 'total_arrivals': 0.8, 'data': [{'arrivals': 0.8, 'variety': 'Hybrid', 'minimumPrice': 800.0, 'maximumPrice': 1250.0, 'modalPrice': 1000.0}]}, {'arrivalDate': '26/08/2026', 'total_arrivals': 0.6000000000000001, 'data': [{'arrivals': 0.6000000000000001, 'variety': 'Hybrid', 'minimumPrice': 800.0, 'maximumPrice': 1300.0, 'modalPrice': 1000.0}]}, {'arrivalDate': '27/08/2026', 'total_arrivals': 0.8, 'data': [{'arrivals': 0.8, 'variety': 'Hybrid', 'minimumPrice': 800.0, 'maximumPrice': 1300.0, 'modalPrice': 1000.0}]}, {'arrivalDate': '28/08/2026', 'total_arrivals': 0.8, 'data': [{'arrivals': 0.8, 'variety': 'Hybrid', 'minimumPrice': 800.0, 'maximumPrice': 1250.0, 'modalPrice': 1000.0}]}, {'arrivalDate': '29/08/2026', 'total_arrivals': 0.8, 'data': [{'arrivals': 0.8, 'variety': 'Hybrid', 'minimumPrice': 800.0, 'maximumPrice': 1500.0, 'modalPrice': 1200.0}]}, {'arrivalDate': '31/08/2026', 'total_arrivals': 0.8, 'data': [{'arrivals': 0.8, 'variety': 'Hybrid', 'minimumPrice': 1500.0, 'maximumPrice': 2300.0, 'modalPrice': 2000.0}]}]"
Kolar APMC,"[{'arrivalDate': '01/08/2026', 'total_arrivals': 2893.9, 'data': [{'arrivals': 2893.9, 'variety': 'Tomato', 'minimumPrice': 330.0, 'maximumPrice': 1860.0, 'modalPrice': 1000.0}]}, {'arrivalDate': '02/08/2026', 'total_arrivals': 3393.0, 'data': [{'arrivals': 3393.0, 'variety': 'Tomato', 'minimumPrice': 300.0, 'maximumPrice': 2000.0, 'modalPrice': 1000.0}]}, {'arrivalDate': '03/08/2026', 'total_arrivals': 2715.1000000000004, 'data': [{'arrivals': 2715.1000000000004, 'variety': 'Tomato', 'minimumPrice': 300.0, 'maximumPrice': 1660.0, 'modalPrice': 800.0}]}, {'arrivalDate': '04/08/2026', 'total_arrivals': 3150.0, 'data': [{'arrivals': 3150.0, 'variety': 'Tomato', 'minimumPrice': 300.0, 'maximumPrice': 1660.0, 'modalPrice': 730.0}]}, {'arrivalDate': '05/08/2026', 'total_arrivals': 3029.8, 'data': [{'arrivals': 3029.8, 'variety': 'Tomato', 'minimumPrice': 300.0, 'maximumPrice': 1660.0, 'modalPrice': 930.0}]}, {'arrivalDate': '06/08/2026', 'total_arrivals': 3510.0, 'data': [{'arrivals': 3510.0, 'variety': 'Tomato', 'minimumPrice': 300.0, 'maximumPrice': 1660.0, 'modalPrice': 860.0}]}, {'arrivalDate': '07/08/2026', 'total_arrivals': 3150.0, 'data': [{'arrivals': 3150.0, 'variety': 'Tomato', 'minimumPrice': 300.0, 'maximumPrice': 1660.0, 'modalPrice': 730.0}]}, {'arrivalDate': '08/08/2026', 'total_arrivals': 2950.1000000000004, 'data': [{'arrivals': 2950.1000000000004, 'variety': 'Tomato', 'minimumPrice': 300.0, 'maximumPrice': 1730.0, 'modalPrice': 730.0}]}, {'arrivalDate': '09/08/2026', 'total_arrivals': 2881.1000000000004, 'data': [{'arrivals': 2881.1000000000004, 'variety': 'Tomato', 'minimumPrice': 300.0, 'maximumPrice': 1860.0, 'modalPrice': 800.0}]}, {'arrivalDate': '10/08/2026', 'total_arrivals': 2490.0, 'data': [{'arrivals': 2490.0, 'variety': 'Tomato', 'minimumPrice': 330.0, 'maximumPrice': 2660.0, 'modalPrice': 1330.0}]}, {'arrivalDate': '11/08/2026', 'total_arrivals': 2691.8, 'data': [{'arrivals': 2691.8, 'variety': 'Tomato', 'minimumPrice': 330.0, 'maximumPrice': 3330.0, 'modalPrice': 1660.0}]}, {'arrivalDate': '12/08/2026', 'total_arrivals': 3275.0, 'data': [{'arrivals': 3275.0, 'variety': 'Tomato', 'minimumPrice': 300.0, 'maximumPrice': 2000.0, 'modalPrice': 1330.0}]}, {'arrivalDate': '13/08/2026', 'total_arrivals': 3070.8, 'data': [{'arrivals': 3070.8, 'variety': 'Tomato', 'minimumPrice': 300.0, 'maximumPrice': 2330.0, 'modalPrice': 1330.0}]}, {'arrivalDate': '14/08/2026', 'total_arrivals': 3020.1000000000004, 'data': [{'arrivals': 3020.1000000000004, 'variety': 'Tomato', 'minimumPrice': 300.0, 'maximumPrice': 2000.0, 'modalPrice': 1200.0}]}, {'arrivalDate': '15/08/2026', 'total_arrivals': 2660.0, 'data': [{'arrivals': 2660.0, 'variety': 'Tomato', 'minimumPrice': 300.0, 'maximumPrice': 1860.0, 'modalPrice': 1060.0}]}, {'arrivalDate': '16/08/2026', 'total_arrivals': 2839.4, 'data': [{'arrivals': 2839.4, 'variety': 'Tomato', 'minimumPrice': 330.0, 'maximumPrice': 2000.0, 'modalPrice': 1200.0}]}, {'arrivalDate': '17/08/2026', 'total_arrivals': 2839.4, 'data': [{'arrivals': 2839.4, 'variety': 'Tomato', 'minimumPrice': 330.0, 'maximumPrice': 2000.0, 'modalPrice': 1200.0}]}, {'arrivalDate': '18/08/2026', 'total_arrivals': 2955.0, 'data': [{'arrivals': 2955.0, 'variety': 'Tomato', 'minimumPrice': 300.0, 'maximumPrice': 1660.0, 'modalPrice': 800.0}]}, {'arrivalDate': '19/08/2026', 'total_arrivals': 2851.5, 'data': [{'arrivals': 2851.5, 'variety': 'Tomato', 'minimumPrice': 300.0, 'maximumPrice': 1600.0, 'modalPrice': 730.0}]}, {'arrivalDate': '20/08/2026', 'total_arrivals': 2670.0, 'data': [{'arrivals': 2670.0, 'variety': 'Tomato', 'minimumPrice': 300.0, 'maximumPrice': 1600.0, 'modalPrice': 800.0}]}, {'arrivalDate': '21/08/2026', 'total_arrivals': 2201.4, 'data': [{'arrivals': 2201.4, 'variety': 'Tomato', 'minimumPrice': 300.0, 'maximumPrice': 1660.0, 'modalPrice': 800.0}]}, {'arrivalDate': '22/08/2026', 'total_arrivals': 1860.3000000000002, 'data': [{'arrivals': 1860.3000000000002, 'variety': 'Tomato', 'minimumPrice': 300.0, 'maximumPrice': 1660.0, 'modalPrice': 860.0}]}, {'arrivalDate': '23/08/2026', 'total_arrivals': 2048.4, 'data': [{'arrivals': 2048.4, 'variety': 'Tomato', 'minimumPrice': 300.0, 'maximumPrice': 1730.0, 'modalPrice': 860.0}]}, {'arrivalDate': '24/08/2026', 'total_arrivals': 2470.3, 'data': [{'arrivals': 2470.3, 'variety': 'Tomato', 'minimumPrice': 300.0, 'maximumPrice': 1730.0, 'modalPrice': 860.0}]}, {'arrivalDate': '25/08/2026', 'total_arrivals': 2071.7000000000003, 'data': [{'arrivals': 2071.7000000000003, 'variety': 'Tomato', 'minimumPrice': 330.0, 'maximumPrice': 2000.0, 'modalPrice': 1000.0}]}, {'arrivalDate': '26/08/2026', 'total_arrivals': 1980.0, 'data': [{'arrivals': 1980.0, 'variety': 'Tomato', 'minimumPrice': 330.0, 'maximumPrice': 2000.0, 'modalPrice': 1060.0}]}, {'arrivalDate': '27/08/2026', 'total_arrivals': 1863.3000000000002, 'data': [{'arrivals': 1863.3000000000002, 'variety': 'Tomato', 'minimumPrice': 330.0, 'maximumPrice': 2000.0, 'modalPrice': 1000.0}]}, {'arrivalDate': '28/08/2026', 'total_arrivals': 1860.0, 'data': [{'arrivals': 1860.0, 'variety': 'Tomato', 'minimumPrice': 330.0, 'maximumPrice': 2000.0, 'modalPrice': 930.0}]}, {'arrivalDate': '29/08/2026', 'total_arrivals': 1740.0, 'data': [{'arrivals': 1740.0, 'variety': 'Tomato', 'minimumPrice': 330.0, 'maximumPrice': 2000.0, 'modalPrice': 1000.0}]}, {'arrivalDate': '30/08/2026', 'total_arrivals': 1515.0, 'data': [{'arrivals': 1515.0, 'variety': 'Tomato', 'minimumPrice': 330.0, 'maximumPrice': 2000.0, 'modalPrice': 1200.0}]}, {'arrivalDate': '31/08/2026', 'total_arrivals': 1950.0, 'data': [{'arrivals': 1950.0, 'variety': 'Tomato', 'minimumPrice': 400.0, 'maximumPrice': 2200.0, 'modalPrice': 1330.0}]}]"
Mulbagal APMC,"[{'arrivalDate': '01/08/2026', 'total_arrivals': 388.5, 'data': [{'arrivals': 388.5, 'variety': 'Tomato', 'minimumPrice': 333.0, 'maximumPrice': 1333.0, 'modalPrice': 800.0}]}, {'arrivalDate': '02/08/2026', 'total_arrivals': 315.8, 'data': [{'arrivals': 315.8, 'variety': 'Tomato', 'minimumPrice': 300.0, 'maximumPrice': 1200.0, 'modalPrice': 800.0}]}, {'arrivalDate': '03/08/2026', 'total_arrivals': 292.1, 'data': [{'arrivals': 292.1, 'variety': 'Tomato', 'minimumPrice': 333.0, 'maximumPrice': 1333.0, 'modalPrice': 800.0}]}, {'arrivalDate': '04/08/2026', 'total_arrivals': 259.7, 'data': [{'arrivals': 259.7, 'variety': 'Tomato', 'minimumPrice': 333.0, 'maximumPrice': 1666.0, 'modalPrice': 800.0}]}, {'arrivalDate': '05/08/2026', 'total_arrivals': 384.0, 'data': [{'arrivals': 384.0, 'variety': 'Tomato', 'minimumPrice': 333.0, 'maximumPrice': 1333.0, 'modalPrice': 800.0}]}, {'arrivalDate': '06/08/2026', 'total_arrivals': 404.1, 'data': [{'arrivals': 404.1, 'variety': 'Tomato', 'minimumPrice': 333.0, 'maximumPrice': 1666.0, 'modalPrice': 800.0}]}, {'arrivalDate': '07/08/2026', 'total_arrivals': 262.5, 'data': [{'arrivals': 262.5, 'variety': 'Tomato', 'minimumPrice': 333.0, 'maximumPrice': 1333.0, 'modalPrice': 666.0}]}, {'arrivalDate': '08/08/2026', 'total_arrivals': 275.2, 'data': [{'arrivals': 275.2, 'variety': 'Tomato', 'minimumPrice': 333.0, 'maximumPrice': 1333.0, 'modalPrice': 666.0}]}, {'arrivalDate': '09/08/2026', 'total_arrivals': 256.2, 'data': [{'arrivals': 256.2, 'variety': 'Tomato', 'minimumPrice': 300.0, 'maximumPrice': 1333.0, 'modalPrice': 666.0}]}, {'arrivalDate': '10/08/2026', 'total_arrivals': 256.90000000000003, 'data': [{'arrivals': 256.90000000000003, 'variety': 'Tomato', 'minimumPrice': 333.0, 'maximumPrice': 1666.0, 'modalPrice': 800.0}]}, {'arrivalDate': '11/08/2026', 'total_arrivals': 256.2, 'data': [{'arrivals': 256.2, 'variety': 'Tomato', 'minimumPrice': 333.0, 'maximumPrice': 2000.0, 'modalPrice': 1000.0}]}, {'arrivalDate': '12/08/2026', 'total_arrivals': 191.5, 'data': [{'arrivals': 191.5, 'variety': 'Tomato', 'minimumPrice': 333.0, 'maximumPrice': 2000.0, 'modalPrice': 1500.0}]}, {'arrivalDate': '13/08/2026', 'total_arrivals': 196.5, 'data': [{'arrivals': 196.5, 'variety': 'Tomato', 'minimumPrice': 333.0, 'maximumPrice': 2000.0, 'modalPrice': 1000.0}]}, {'arrivalDate': '14/08/2026', 'total_arrivals': 276.3, 'data': [{'arrivals': 276.3, 'variety': 'Tomato', 'minimumPrice': 333.0, 'maximumPrice': 1866.0, 'modalPrice': 1000.0}]}, {'arrivalDate': '15/08/2026', 'total_arrivals': 255.0, 'data': [{'arrivals': 255.0, 'variety': 'Tomato', 'minimumPrice': 333.0, 'maximumPrice': 2333.0, 'modalPrice': 1200.0}]}, {'arrivalDate': '16/08/2026', 'total_arrivals': 216.4, 'data': [{'arrivals': 216.4, 'variety': 'Tomato', 'minimumPrice': 333.0, 'maximumPrice': 2333.0, 'modalPrice': 1200.0}]}, {'arrivalDate': '17/08/2026', 'total_arrivals': 273.0, 'data': [{'arrivals': 273.0, 'variety': 'Tomato', 'minimumPrice': 333.0, 'maximumPrice': 2000.0, 'modalPrice': 1000.0}]}, {'arrivalDate': '18/08/2026', 'total_arrivals': 299.1, 'data': [{'arrivals': 299.1, 'variety': 'Tomato', 'minimumPrice': 333.0, 'maximumPrice': 1333.0, 'modalPrice': 800.0}]}, {'arrivalDate': '19/08/2026', 'total_arrivals': 241.60000000000002, 'data': [{'arrivals': 241.60000000000002, 'variety': 'Tomato', 'minimumPrice': 333.0, 'maximumPrice': 1333.0, 'modalPrice': 666.0}]}, {'arrivalDate': '20/08/2026', 'total_arrivals': 241.60000000000002, 'data': [{'arrivals': 241.60000000000002, 'variety': 'Tomato', 'minimumPrice': 333.0, 'maximumPrice': 1333.0, 'modalPrice': 666.0}]}, {'arrivalDate': '21/08/2026', 'total_arrivals': 211.60000000000002, 'data': [{'arrivals': 211.60000000000002, 'variety': 'Tomato', 'minimumPrice': 333.0, 'maximumPrice': 1333.0, 'modalPrice': 666.0}]}, {'arrivalDate': '22/08/2026', 'total_arrivals': 384.0, 'data': [{'arrivals': 384.0, 'variety': 'Tomato', 'minimumPrice': 333.0, 'maximumPrice': 1200.0, 'modalPrice': 600.0}]}, {'arrivalDate': '23/08/2026', 'total_arrivals': 240.9, 'data': [{'arrivals': 240.9, 'variety': 'Tomato', 'minimumPrice': 333.0, 'maximumPrice': 1200.0, 'modalPrice': 600.0}]}, {'arrivalDate': '24/08/2026', 'total_arrivals': 198.0, 'data': [{'arrivals': 198.0, 'variety': 'Tomato', 'minimumPrice': 333.0, 'maximumPrice': 1333.0, 'modalPrice': 666.0}]}, {'arrivalDate': '25/08/2026', 'total_arrivals': 222.0, 'data': [{'arrivals': 222.0, 'variety': 'Tomato', 'minimumPrice': 333.0, 'maximumPrice': 1666.0, 'modalPrice': 866.0}]}, {'arrivalDate': '26/08/2026', 'total_arrivals': 158.10000000000002, 'data': [{'arrivals': 158.10000000000002, 'variety': 'Tomato', 'minimumPrice': 333.0, 'maximumPrice': 1466.0, 'modalPrice': 866.0}]}, {'arrivalDate': '27/08/2026', 'total_arrivals': 186.20000000000002, 'data': [{'arrivals': 186.20000000000002, 'variety': 'Tomato', 'minimumPrice': 333.0, 'maximumPrice': 1333.0, 'modalPrice': 800.0}]}, {'arrivalDate': '28/08/2026', 'total_arrivals': 157.8, 'data': [{'arrivals': 157.8, 'variety': 'Tomato', 'minimumPrice': 333.0, 'maximumPrice': 1533.0, 'modalPrice': 800.0}]}, {'arrivalDate': '29/08/2026', 'total_arrivals': 198.0, 'data': [{'arrivals': 198.0, 'variety': 'Tomato', 'minimumPrice': 333.0, 'maximumPrice': 1666.0, 'modalPrice': 1000.0}]}, {'arrivalDate': '30/08/2026', 'total_arrivals': 164.10000000000002, 'data': [{'arrivals': 164.10000000000002, 'variety': 'Tomato', 'minimumPrice': 333.0, 'maximumPrice': 1666.0, 'modalPrice': 1000.0}]}, {'arrivalDate': '31/08/2026', 'total_arrivals': 211.4, 'data': [{'arrivals': 211.4, 'variety': 'Tomato', 'minimumPrice': 333.0, 'maximumPrice': 1666.0, 'modalPrice': 1200.0}]}]"
Mysuru APMC,"[{'arrivalDate': '02/08/2026', 'total_arrivals': 9.5, 'data': [{'arrivals': 9.5, 'variety': 'Tomato', 'minimumPrice': 400.0, 'maximumPrice': 600.0, 'modalPrice': 500.0}]}, {'arrivalDate': '03/08/2026', 'total_arrivals': 9.5, 'data': [{'arrivals': 9.5, 'variety': 'Tomato', 'minimumPrice': 400.0, 'maximumPrice': 600.0, 'modalPrice': 500.0}]}, {'arrivalDate': '04/08/2026', 'total_arrivals': 8.3, 'data': [{'arrivals': 8.3, 'variety': 'Tomato', 'minimumPrice': 600.0, 'maximumPrice': 800.0, 'modalPrice': 700.0}]}, {'arrivalDate': '05/08/2026', 'total_arrivals': 6.5, 'data': [{'arrivals': 6.5, 'variety': 'Tomato', 'minimumPrice': 800.0, 'maximumPrice': 1000.0, 'modalPrice': 900.0}]}, {'arrivalDate': '06/08/2026', 'total_arrivals': 9.3, 'data': [{'arrivals': 9.3, 'variety': 'Tomato', 'minimumPrice': 800.0, 'maximumPrice': 1000.0, 'modalPrice': 900.0}]}, {'arrivalDate': '07/08/2026', 'total_arrivals': 8.700000000000001, 'data': [{'arrivals': 8.700000000000001, 'variety': 'Tomato', 'minimumPrice': 600.0, 'maximumPrice': 800.0, 'modalPrice': 700.0}]}, {'arrivalDate': '09/08/2026', 'total_arrivals': 9.600000000000001, 'data': [{'arrivals': 9.600000000000001, 'variety': 'Tomato', 'minimumPrice': 700.0, 'maximumPrice': 900.0, 'modalPrice': 800.0}]}, {'arrivalDate': '10/08/2026', 'total_arrivals': 4.5, 'data': [{'arrivals': 4.5, 'variety': 'Tomato', 'minimumPrice': 600.0, 'maximumPrice': 800.0, 'modalPrice': 700.0}]}, {'arrivalDate': '11/08/2026', 'total_arrivals': 9.1, 'data': [{'arrivals': 9.1, 'variety': 'Tomato', 'minimumPrice': 600.0, 'maximumPrice': 800.0, 'modalPrice': 700.0}]}, {'arrivalDate': '12/08/2026', 'total_arrivals': 7.4, 'data': [{'arrivals': 7.4, 'variety': 'Tomato', 'minimumPrice': 1100.0, 'maximumPrice': 1300.0, 'modalPrice': 1200.0}]}, {'arrivalDate': '13/08/2026', 'total_arrivals': 9.1, 'data': [{'arrivals': 9.1, 'variety': 'Tomato', 'minimumPrice': 1300.0, 'maximumPrice': 1500.0, 'modalPrice': 1500.0}]}, {'arrivalDate': '14/08/2026', 'total_arrivals': 6.5, 'data': [{'arrivals': 6.5, 'variety': 'Tomato', 'minimumPrice': 1100.0, 'maximumPrice': 1300.0, 'modalPrice': 1300.0}]}, {'arrivalDate': '16/08/2026', 'total_arrivals': 13.600000000000001, 'data': [{'arrivals': 13.600000000000001, 'variety': 'Tomato', 'minimumPrice': 1000.0, 'maximumPrice': 1100.0, 'modalPrice': 1100.0}]}, {'arrivalDate': '17/08/2026', 'total_arrivals': 8.700000000000001, 'data': [{'arrivals': 8.700000000000001, 'variety': 'Tomato', 'minimumPrice': 900.0, 'maximumPrice': 1100.0, 'modalPrice': 1100.0}]}, {'arrivalDate': '18/08/2026', 'total_arrivals': 8.5, 'data': [{'arrivals': 8.5, 'variety': 'Tomato', 'minimumPrice': 1000.0, 'maximumPrice': 1200.0, 'modalPrice': 1200.0}]}, {'arrivalDate': '19/08/2026', 'total_arrivals': 6.800000000000001, 'data': [{'arrivals': 6.800000000000001, 'variety': 'Tomato', 'minimumPrice': 1000.0, 'maximumPrice': 1200.0, 'modalPrice': 1200.0}]}, {'arrivalDate': '20/08/2026', 'total_arrivals': 8.200000000000001, 'data': [{'arrivals': 8.200000000000001, 'variety': 'Tomato', 'minimumPrice': 900.0, 'maximumPrice': 1000.0, 'modalPrice': 1000.0}]}, {'arrivalDate': '21/08/2026', 'total_arrivals': 9.600000000000001, 'data': [{'arrivals': 9.600000000000001, 'variety': 'Tomato', 'minimumPrice': 1100.0, 'maximumPrice': 1200.0, 'modalPrice': 1200.0}]}, {'arrivalDate': '23/08/2026', 'total_arrivals': 18.5, 'data': [{'arrivals': 18.5, 'variety': 'Tomato', 'minimumPrice': 800.0, 'maximumPrice': 1000.0, 'modalPrice': 1000.0}]}, {'arrivalDate': '24/08/2026', 'total_arrivals': 9.5, 'data': [{'arrivals': 9.5, 'variety': 'Tomato', 'minimumPrice': 700.0, 'maximumPrice': 800.0, 'modalPrice': 800.0}]}, {'arrivalDate': '25/08/2026', 'total_arrivals': 2.1, 'data': [{'arrivals': 2.1, 'variety': 'Tomato', 'minimumPrice': 700.0, 'maximumPrice': 800.0, 'modalPrice': 800.0}]}, {'arrivalDate': '26/08/2026', 'total_arrivals': 2.9000000000000004, 'data': [{'arrivals': 2.9000000000000004, 'variety': 'Tomato', 'minimumPrice': 800.0, 'maximumPrice': 1000.0, 'modalPrice': 1000.0}]}, {'arrivalDate': '27/08/2026', 'total_arrivals': 9.600000000000001, 'data': [{'arrivals': 9.600000000000001, 'variety': 'Tomato', 'minimumPrice': 1000.0, 'maximumPrice': 1100.0, 'modalPrice': 1100.0}]}, {'arrivalDate': '28/08/2026', 'total_arrivals': 8.700000000000001, 'data': [{'arrivals': 8.700000000000001, 'variety': 'Tomato', 'minimumPrice': 1000.0, 'maximumPrice': 1100.0, 'modalPrice': 1100.0}]}, {'arrivalDate': '30/08/2026', 'total_arrivals': 9.5, 'data': [{'arrivals': 9.5, 'variety': 'Tomato', 'minimumPrice': 1300.0, 'maximumPrice': 1500.0, 'modalPrice': 1500.0}]}, {'arrivalDate': '31/08/2026', 'total_arrivals': 8.1, 'data': [{'arrivals': 8.1, 'variety': 'Tomato', 'minimumPrice': 1600.0, 'maximumPrice': 1700.0, 'modalPrice': 1700.0}]}]"
Nanjangud APMC,"[{'arrivalDate': '01/08/2026', 'total_arrivals': 3.6, 'data': [{'arrivals': 3.6, 'variety': 'Tomato', 'minimumPrice': 3030.0, 'maximumPrice': 6666.0, 'modalPrice': 4166.0}]}, {'arrivalDate': '03/08/2026', 'total_arrivals': 3.5, 'data': [{'arrivals': 3.5, 'variety': 'Tomato', 'minimumPrice': 3700.0, 'maximumPrice': 6666.0, 'modalPrice': 4166.0}]}, {'arrivalDate': '04/08/2026', 'total_arrivals': 3.5, 'data': [{'arrivals': 3.5, 'variety': 'Tomato', 'minimumPrice': 3700.0, 'maximumPrice': 6666.0, 'modalPrice': 4166.0}]}, {'arrivalDate': '05/08/2026', 'total_arrivals': 4.2, 'data': [{'arrivals': 4.2, 'variety': 'Tomato', 'minimumPrice': 3030.0, 'maximumPrice': 4166.0, 'modalPrice': 3703.0}]}, {'arrivalDate': '06/08/2026', 'total_arrivals': 3.0, 'data': [{'arrivals': 3.0, 'variety': 'Tomato', 'minimumPrice': 3030.0, 'maximumPrice': 4666.0, 'modalPrice': 3703.0}]}, {'arrivalDate': '07/08/2026', 'total_arrivals': 3.5, 'data': [{'arrivals': 3.5, 'variety': 'Tomato', 'minimumPrice': 3700.0, 'maximumPrice': 6666.0, 'modalPrice': 4166.0}]}, {'arrivalDate': '10/08/2026', 'total_arrivals': 3.5, 'data': [{'arrivals': 3.5, 'variety': 'Tomato', 'minimumPrice': 3700.0, 'maximumPrice': 6666.0, 'modalPrice': 4166.0}]}, {'arrivalDate': '11/08/2026', 'total_arrivals': 3.5, 'data': [{'arrivals': 3.5, 'variety': 'Tomato', 'minimumPrice': 3030.0, 'maximumPrice': 4666.0, 'modalPrice': 3333.0}]}, {'arrivalDate': '12/08/2026', 'total_arrivals': 3.5, 'data': [{'arrivals': 3.5, 'variety': 'Tomato', 'minimumPrice': 3030.0, 'maximumPrice': 4666.0, 'modalPrice': 3333.0}]}, {'arrivalDate': '13/08/2026', 'total_arrivals': 4.2, 'data': [{'arrivals': 4.2, 'variety': 'Tomato', 'minimumPrice': 3700.0, 'maximumPrice': 6666.0, 'modalPrice': 4166.0}]}, {'arrivalDate': '14/08/2026', 'total_arrivals': 4.0, 'data': [{'arrivals': 4.0, 'variety': 'Tomato', 'minimumPrice': 2380.0, 'maximumPrice': 3030.0, 'modalPrice': 2380.0}]}, {'arrivalDate': '17/08/2026', 'total_arrivals': 3.5, 'data': [{'arrivals': 3.5, 'variety': 'Tomato', 'minimumPrice': 3700.0, 'maximumPrice': 6666.0, 'modalPrice': 4166.0}]}, {'arrivalDate': '18/08/2026', 'total_arrivals': 3.6, 'data': [{'arrivals': 3.6, 'variety': 'Tomato', 'minimumPrice': 3030.0, 'maximumPrice': 6666.0, 'modalPrice': 4166.0}]}, {'arrivalDate': '19/08/2026', 'total_arrivals': 3.0, 'data': [{'arrivals': 3.0, 'variety': 'Tomato', 'minimumPrice': 3700.0, 'maximumPrice': 4666.0, 'modalPrice': 4166.0}]}, {'arrivalDate': '24/08/2026', 'total_arrivals': 3.0, 'data': [{'arrivals': 3.0, 'variety': 'Tomato', 'minimumPrice': 3700.0, 'maximumPrice': 4666.0, 'modalPrice': 4166.0}]}, {'arrivalDate': '25/08/2026', 'total_arrivals': 3.6, 'data': [{'arrivals': 3.6, 'variety': 'Tomato', 'minimumPrice': 3030.0, 'maximumPrice': 3703.0, 'modalPrice': 3333.0}]}]"
Ramanagara APMC,"[{'arrivalDate': '01/08/2026', 'total_arrivals': 11.0, 'data': [{'arrivals': 11.0, 'variety': 'Tomato', 'minimumPrice': 500.0, 'maximumPrice': 1200.0, 'modalPrice': 800.0}]}, {'arrivalDate': '02/08/2026', 'total_arrivals': 9.0, 'data': [{'arrivals': 9.0, 'variety': 'Tomato', 'minimumPrice': 600.0, 'maximumPrice': 1250.0, 'modalPrice': 1000.0}]}, {'arrivalDate': '03/08/2026', 'total_arrivals': 6.4, 'data': [{'arrivals': 6.4, 'variety': 'Tomato', 'minimumPrice': 600.0, 'maximumPrice': 1300.0, 'modalPrice': 1000.0}]}, {'arrivalDate': '04/08/2026', 'total_arrivals': 8.4, 'data': [{'arrivals': 8.4, 'variety': 'Tomato', 'minimumPrice': 600.0, 'maximumPrice': 1200.0, 'modalPrice': 1000.0}]}, {'arrivalDate': '05/08/2026', 'total_arrivals': 4.0, 'data': [{'arrivals': 4.0, 'variety': 'Tomato', 'minimumPrice': 700.0, 'maximumPrice': 1300.0, 'modalPrice': 1000.0}]}, {'arrivalDate': '06/08/2026', 'total_arrivals': 12.0, 'data': [{'arrivals': 12.0, 'variety': 'Tomato', 'minimumPrice': 600.0, 'maximumPrice': 1200.0, 'modalPrice': 800.0}]}, {'arrivalDate': '07/08/2026', 'total_arrivals': 13.600000000000001, 'data': [{'arrivals': 13.600000000000001, 'variety': 'Tomato', 'minimumPrice': 600.0, 'maximumPrice': 1000.0, 'modalPrice': 800.0}]}, {'arrivalDate': '08/08/2026', 'total_arrivals': 14.4, 'data': [{'arrivals': 14.4, 'variety': 'Tomato', 'minimumPrice': 500.0, 'maximumPrice': 1000.0, 'modalPrice': 800.0}]}, {'arrivalDate': '09/08/2026', 'total_arrivals': 13.600000000000001, 'data': [{'arrivals': 13.600000000000001, 'variety': 'Tomato', 'minimumPrice': 600.0, 'maximumPrice': 1100.0, 'modalPrice': 800.0}]}, {'arrivalDate': '10/08/2026', 'total_arrivals': 12.8, 'data': [{'arrivals': 12.8, 'variety': 'Tomato', 'minimumPrice': 600.0, 'maximumPrice': 1200.0, 'modalPrice': 1000.0}]}, {'arrivalDate': '11/08/2026', 'total_arrivals': 11.4, 'data': [{'arrivals': 11.4, 'variety': 'Tomato', 'minimumPrice': 600.0, 'maximumPrice': 1200.0, 'modalPrice': 1000.0}]}, {'arrivalDate': '12/08/2026', 'total_arrivals': 4.4, 'data': [{'arrivals': 4.4, 'variety': 'Tomato', 'minimumPrice': 1500.0, 'maximumPrice': 2000.0, 'modalPrice': 1800.0}]}, {'arrivalDate': '13/08/2026', 'total_arrivals': 6.800000000000001, 'data': [{'arrivals': 6.800000000000001, 'variety': 'Tomato', 'minimumPrice': 1000.0, 'maximumPrice': 2000.0, 'modalPrice': 1500.0}]}, {'arrivalDate': '14/08/2026', 'total_arrivals': 7.2, 'data': [{'arrivals': 7.2, 'variety': 'Tomato', 'minimumPrice': 800.0, 'maximumPrice': 1500.0, 'modalPrice': 1200.0}]}, {'arrivalDate': '15/08/2026', 'total_arrivals': 8.8, 'data': [{'arrivals': 8.8, 'variety': 'Tomato', 'minimumPrice': 800.0, 'maximumPrice': 1300.0, 'modalPrice': 1000.0}]}, {'arrivalDate': '16/08/2026', 'total_arrivals': 8.4, 'data': [{'arrivals': 8.4, 'variety': 'Tomato', 'minimumPrice': 1000.0, 'maximumPrice': 1600.0, 'modalPrice': 1200.0}]}, {'arrivalDate': '17/08/2026', 'total_arrivals': 9.4, 'data': [{'arrivals': 9.4, 'variety': 'Tomato', 'minimumPrice': 800.0, 'maximumPrice': 1500.0, 'modalPrice': 1200.0}]}, {'arrivalDate': '18/08/2026', 'total_arrivals': 8.4, 'data': [{'arrivals': 8.4, 'variety': 'Tomato', 'minimumPrice': 800.0, 'maximumPrice': 1600.0, 'modalPrice': 1200.0}]}, {'arrivalDate': '19/08/2026', 'total_arrivals': 9.8, 'data': [{'arrivals': 9.8, 'variety': 'Tomato', 'minimumPrice': 800.0, 'maximumPrice': 1500.0, 'modalPrice': 1200.0}]}, {'arrivalDate': '20/08/2026', 'total_arrivals': 8.4, 'data': [{'arrivals': 8.4, 'variety': 'Tomato', 'minimumPrice': 800.0, 'maximumPrice': 1500.0, 'modalPrice': 1200.0}]}, {'arrivalDate': '21/08/2026', 'total_arrivals': 11.0, 'data': [{'arrivals': 11.0, 'variety': 'Tomato', 'minimumPrice': 600.0, 'maximumPrice': 1000.0, 'modalPrice': 800.0}]}, {'arrivalDate': '22/08/2026', 'total_arrivals': 6.0, 'data': [{'arrivals': 6.0, 'variety': 'Tomato', 'minimumPrice': 600.0, 'maximumPrice': 1200.0, 'modalPrice': 1000.0}]}, {'arrivalDate': '23/08/2026', 'total_arrivals': 4.4, 'data': [{'arrivals': 4.4, 'variety': 'Tomato', 'minimumPrice': 600.0, 'maximumPrice': 1200.0, 'modalPrice': 800.0}]}, {'arrivalDate': '24/08/2026', 'total_arrivals': 8.4, 'data': [{'arrivals': 8.4, 'variety': 'Tomato', 'minimumPrice': 700.0, 'maximumPrice': 1300.0, 'modalPrice': 1000.0}]}, {'arrivalDate': '25/08/2026', 'total_arrivals': 8.6, 'data': [{'arrivals': 8.6, 'variety': 'Tomato', 'minimumPrice': 800.0, 'maximumPrice': 1250.0, 'modalPrice': 1000.0}]}, {'arrivalDate': '26/08/2026', 'total_arrivals': 6.4, 'data': [{'arrivals': 6.4, 'variety': 'Tomato', 'minimumPrice': 800.0, 'maximumPrice': 1300.0, 'modalPrice': 1000.0}]}, {'arrivalDate': '27/08/2026', 'total_arrivals': 8.6, 'data': [{'arrivals': 8.6, 'variety': 'Tomato', 'minimumPrice': 800.0, 'maximumPrice': 1300.0, 'modalPrice': 1000.0}]}, {'arrivalDate': '28/08/2026', 'total_arrivals': 8.4, 'data': [{'arrivals': 8.4, 'variety': 'Tomato', 'minimumPrice': 800.0, 'maximumPrice': 1250.0, 'modalPrice': 1000.0}]}, {'arrivalDate': '29/08/2026', 'total_arrivals': 8.0, 'data': [{'arrivals': 8.0, 'variety': 'Tomato', 'minimumPrice': 800.0, 'maximumPrice': 1500.0, 'modalPrice': 1200.0}]}, {'arrivalDate': '31/08/2026', 'total_arrivals': 8.0, 'data': [{'arrivals': 8.0, 'variety': 'Tomato', 'minimumPrice': 1500.0, 'maximumPrice': 2300.0, 'modalPrice': 2000.0}]}]"
Ranebennur APMC,"[{'arrivalDate': '01/08/2026', 'total_arrivals': 0.5, 'data': [{'arrivals': 0.5, 'variety': 'Tomato', 'minimumPrice': 700.0, 'maximumPrice': 1400.0, 'modalPrice': 1000.0}]}, {'arrivalDate': '02/08/2026', 'total_arrivals': 1.0, 'data': [{'arrivals': 1.0, 'variety': 'Tomato', 'minimumPrice': 500.0, 'maximumPrice': 1500.0, 'modalPrice': 1000.0}]}, {'arrivalDate': '03/08/2026', 'total_arrivals': 0.5, 'data': [{'arrivals': 0.5, 'variety': 'Tomato', 'minimumPrice': 500.0, 'maximumPrice': 1600.0, 'modalPrice': 1000.0}]}, {'arrivalDate': '04/08/2026', 'total_arrivals': 0.4, 'data': [{'arrivals': 0.4, 'variety': 'Tomato', 'minimumPrice': 500.0, 'maximumPrice': 1500.0, 'modalPrice': 1000.0}]}, {'arrivalDate': '05/08/2026', 'total_arrivals': 0.6000000000000001, 'data': [{'arrivals': 0.6000000000000001, 'variety': 'Tomato', 'minimumPrice': 400.0, 'maximumPrice': 1000.0, 'modalPrice': 800.0}]}, {'arrivalDate': '06/08/2026', 'total_arrivals': 0.4, 'data': [{'arrivals': 0.4, 'variety': 'Tomato', 'minimumPrice': 400.0, 'maximumPrice': 2000.0, 'modalPrice': 1500.0}]}, {'arrivalDate': '07/08/2026', 'total_arrivals': 0.4, 'data': [{'arrivals': 0.4, 'variety': 'Tomato', 'minimumPrice': 500.0, 'maximumPrice': 1500.0, 'modalPrice': 1000.0}]}, {'arrivalDate': '08/08/2026', 'total_arrivals': 0.30000000000000004, 'data': [{'arrivals': 0.30000000000000004, 'variety': 'Tomato', 'minimumPrice': 500.0, 'maximumPrice': 1500.0, 'modalPrice': 1000.0}]}, {'arrivalDate': '09/08/2026', 'total_arrivals': 0.5, 'data': [{'arrivals': 0.5, 'variety': 'Tomato', 'minimumPrice': 400.0, 'maximumPrice': 1400.0, 'modalPrice': 900.0}]}, {'arrivalDate': '10/08/2026', 'total_arrivals': 0.4, 'data': [{'arrivals': 0.4, 'variety': 'Tomato', 'minimumPrice': 400.0, 'maximumPrice': 1500.0, 'modalPrice': 900.0}]}, {'arrivalDate': '11/08/2026', 'total_arrivals': 0.5, 'data': [{'arrivals': 0.5, 'variety': 'Tomato', 'minimumPrice': 400.0, 'maximumPrice': 1500.0, 'modalPrice': 1000.0}]}, {'arrivalDate': '12/08/2026', 'total_arrivals': 0.5, 'data': [{'arrivals': 0.5, 'variety': 'Tomato', 'minimumPrice': 500.0, 'maximumPrice': 1600.0, 'modalPrice': 1000.0}]}, {'arrivalDate': '14/08/2026', 'total_arrivals': 1.6, 'data': [{'arrivals': 0.8, 'variety': 'Tomato', 'minimumPrice': 200.0, 'maximumPrice': 1000.0, 'modalPrice': 700.0}, {'arrivals': 0.8, 'variety': 'Hybrid', 'minimumPrice': 200.0, 'maximumPrice': 1000.0, 'modalPrice': 700.0}]}, {'arrivalDate': '15/08/2026', 'total_arrivals': 0.5, 'data': [{'arrivals': 0.5, 'variety': 'Tomato', 'minimumPrice': 400.0, 'maximumPrice': 1400.0, 'modalPrice': 900.0}]}, {'arrivalDate': '16/08/2026', 'total_arrivals': 0.5, 'data': [{'arrivals': 0.5, 'variety': 'Tomato', 'minimumPrice': 500.0, 'maximumPrice': 1600.0, 'modalPrice': 1000.0}]}, {'arrivalDate': '17/08/2026', 'total_arrivals': 0.5, 'data': [{'arrivals': 0.5, 'variety': 'Tomato', 'minimumPrice': 300.0, 'maximumPrice': 1500.0, 'modalPrice': 1000.0}]}, {'arrivalDate': '18/08/2026', 'total_arrivals': 0.5, 'data': [{'arrivals': 0.5, 'variety': 'Tomato', 'minimumPrice': 300.0, 'maximumPrice': 1500.0, 'modalPrice': 900.0}]}, {'arrivalDate': '19/08/2026', 'total_arrivals': 0.4, 'data': [{'arrivals': 0.4, 'variety': 'Tomato', 'minimumPrice': 300.0, 'maximumPrice': 1500.0, 'modalPrice': 900.0}]}, {'arrivalDate': '20/08/2026', 'total_arrivals': 0.30000000000000004, 'data': [{'arrivals': 0.30000000000000004, 'variety': 'Tomato', 'minimumPrice': 350.0, 'maximumPrice': 1000.0, 'modalPrice': 750.0}]}, {'arrivalDate': '21/08/2026', 'total_arrivals': 0.5, 'data': [{'arrivals': 0.5, 'variety': 'Tomato', 'minimumPrice': 500.0, 'maximumPrice': 1600.0, 'modalPrice': 1000.0}]}, {'arrivalDate': '22/08/2026', 'total_arrivals': 0.5, 'data': [{'arrivals': 0.5, 'variety': 'Tomato', 'minimumPrice': 300.0, 'maximumPrice': 1500.0, 'modalPrice': 1000.0}]}, {'arrivalDate': '23/08/2026', 'total_arrivals': 0.5, 'data': [{'arrivals': 0.5, 'variety': 'Tomato', 'minimumPrice': 300.0, 'maximumPrice': 1500.0, 'modalPrice': 900.0}]}, {'arrivalDate': '24/08/2026', 'total_arrivals': 0.4, 'data': [{'arrivals': 0.4, 'variety': 'Tomato', 'minimumPrice': 300.0, 'maximumPrice': 1500.0, 'modalPrice': 1200.0}]}, {'arrivalDate': '25/08/2026', 'total_arrivals': 0.5, 'data': [{'arrivals': 0.5, 'variety': 'Tomato', 'minimumPrice': 300.0, 'maximumPrice': 1600.0, 'modalPrice': 1000.0}]}, {'arrivalDate': '26/08/2026', 'total_arrivals': 0.4, 'data': [{'arrivals': 0.4, 'variety': 'Tomato', 'minimumPrice': 200.0, 'maximumPrice': 2000.0, 'modalPrice': 1200.0}]}, {'arrivalDate': '27/08/2026', 'total_arrivals': 0.5, 'data': [{'arrivals': 0.5, 'variety': 'Tomato', 'minimumPrice': 350.0, 'maximumPrice': 1500.0, 'modalPrice': 1000.0}]}, {'arrivalDate': '28/08/2026', 'total_arrivals': 0.5, 'data': [{'arrivals': 0.5, 'variety': 'Tomato', 'minimumPrice': 300.0, 'maximumPrice': 1600.0, 'modalPrice': 1000.0}]}, {'arrivalDate': '29/08/2026', 'total_arrivals': 0.5, 'data': [{'arrivals': 0.5, 'variety': 'Tomato', 'minimumPrice': 600.0, 'maximumPrice': 1700.0, 'modalPrice': 1000.0}]}, {'arrivalDate': '30/08/2026', 'total_arrivals': 0.5, 'data': [{'arrivals': 0.5, 'variety': 'Tomato', 'minimumPrice': 200.0, 'maximumPrice': 900.0, 'modalPrice': 700.0}]}, {'arrivalDate': '31/08/2026', 'total_arrivals': 0.5, 'data': [{'arrivals': 0.5, 'variety': 'Tomato', 'minimumPrice': 200.0, 'maximumPrice': 1000.0, 'modalPrice': 600.0}]}]"
Santhesargur APMC,"[{'arrivalDate': '18/08/2026', 'total_arrivals': 1.2000000000000002, 'data': [{'arrivals': 1.2000000000000002, 'variety': 'Tomato', 'minimumPrice': 1383.0, 'maximumPrice': 1383.0, 'modalPrice': 1383.0}]}]"
Shimoga APMC,"[{'arrivalDate': '03/08/2026', 'total_arrivals': 62.5, 'data': [{'arrivals': 62.5, 'variety': 'Tomato', 'minimumPrice': 400.0, 'maximumPrice': 1000.0, 'modalPrice': 700.0}]}, {'arrivalDate': '04/08/2026', 'total_arrivals': 37.5, 'data': [{'arrivals': 37.5, 'variety': 'Tomato', 'minimumPrice': 400.0, 'maximumPrice': 1200.0, 'modalPrice': 800.0}]}, {'arrivalDate': '05/08/2026', 'total_arrivals': 11.200000000000001, 'data': [{'arrivals': 11.200000000000001, 'variety': 'Tomato', 'minimumPrice': 400.0, 'maximumPrice': 1000.0, 'modalPrice': 700.0}]}, {'arrivalDate': '06/08/2026', 'total_arrivals': 25.0, 'data': [{'arrivals': 25.0, 'variety': 'Tomato', 'minimumPrice': 400.0, 'maximumPrice': 1000.0, 'modalPrice': 700.0}]}, {'arrivalDate': '07/08/2026', 'total_arrivals': 35.0, 'data': [{'arrivals': 35.0, 'variety': 'Tomato', 'minimumPrice': 400.0, 'maximumPrice': 1200.0, 'modalPrice': 700.0}]}, {'arrivalDate': '09/08/2026', 'total_arrivals': 40.0, 'data': [{'arrivals': 40.0, 'variety': 'Tomato', 'minimumPrice': 400.0, 'maximumPrice': 800.0, 'modalPrice': 600.0}]}, {'arrivalDate': '10/08/2026', 'total_arrivals': 21.200000000000003, 'data': [{'arrivals': 21.200000000000003, 'variety': 'Tomato', 'minimumPrice': 400.0, 'maximumPrice': 800.0, 'modalPrice': 600.0}]}, {'arrivalDate': '11/08/2026', 'total_arrivals': 33.7, 'data': [{'arrivals': 33.7, 'variety': 'Tomato', 'minimumPrice': 400.0, 'maximumPrice': 1000.0, 'modalPrice': 700.0}]}, {'arrivalDate': '12/08/2026', 'total_arrivals': 17.5, 'data': [{'arrivals': 17.5, 'variety': 'Tomato', 'minimumPrice': 800.0, 'maximumPrice': 1200.0, 'modalPrice': 1000.0}]}, {'arrivalDate': '13/08/2026', 'total_arrivals': 32.5, 'data': [{'arrivals': 32.5, 'variety': 'Tomato', 'minimumPrice': 400.0, 'maximumPrice': 1000.0, 'modalPrice': 700.0}]}, {'arrivalDate': '14/08/2026', 'total_arrivals': 45.0, 'data': [{'arrivals': 45.0, 'variety': 'Tomato', 'minimumPrice': 400.0, 'maximumPrice': 1200.0, 'modalPrice': 800.0}]}, {'arrivalDate': '17/08/2026', 'total_arrivals': 76.2, 'data': [{'arrivals': 76.2, 'variety': 'Tomato', 'minimumPrice': 400.0, 'maximumPrice': 800.0, 'modalPrice': 600.0}]}, {'arrivalDate': '18/08/2026', 'total_arrivals': 42.5, 'data': [{'arrivals': 42.5, 'variety': 'Tomato', 'minimumPrice': 400.0, 'maximumPrice': 1200.0, 'modalPrice': 800.0}]}, {'arrivalDate': '19/08/2026', 'total_arrivals': 42.5, 'data': [{'arrivals': 42.5, 'variety': 'Tomato', 'minimumPrice': 400.0, 'maximumPrice': 800.0, 'modalPrice': 600.0}]}, {'arrivalDate': '20/08/2026', 'total_arrivals': 40.0, 'data': [{'arrivals': 40.0, 'variety': 'Tomato', 'minimumPrice': 400.0, 'maximumPrice': 600.0, 'modalPrice': 500.0}]}, {'arrivalDate': '21/08/2026', 'total_arrivals': 40.0, 'data': [{'arrivals': 40.0, 'variety': 'Tomato', 'minimumPrice': 400.0, 'maximumPrice': 1000.0, 'modalPrice': 700.0}]}, {'arrivalDate': '23/08/2026', 'total_arrivals': 40.0, 'data': [{'arrivals': 40.0, 'variety': 'Tomato', 'minimumPrice': 400.0, 'maximumPrice': 800.0, 'modalPrice': 600.0}]}, {'arrivalDate': '24/08/2026', 'total_arrivals': 32.5, 'data': [{'arrivals': 32.5, 'variety': 'Tomato', 'minimumPrice': 400.0, 'maximumPrice': 600.0, 'modalPrice': 500.0}]}, {'arrivalDate': '25/08/2026', 'total_arrivals': 26.200000000000003, 'data': [{'arrivals': 26.200000000000003, 'variety': 'Tomato', 'minimumPrice': 400.0, 'maximumPrice': 1000.0, 'modalPrice': 700.0}]}, {'arrivalDate': '27/08/2026', 'total_arrivals': 51.2, 'data': [{'arrivals': 51.2, 'variety': 'Tomato', 'minimumPrice': 400.0, 'maximumPrice': 1000.0, 'modalPrice': 700.0}]}, {'arrivalDate': '28/08/2026', 'total_arrivals': 37.5, 'data': [{'arrivals': 37.5, 'variety': 'Tomato', 'minimumPrice': 400.0, 'maximumPrice': 1000.0, 'modalPrice': 700.0}]}, {'arrivalDate': '31/08/2026', 'total_arrivals': 45.0, 'data': [{'arrivals': 45.0, 'variety': 'Tomato', 'minimumPrice': 800.0, 'maximumPrice': 1600.0, 'modalPrice': 1200.0}]}]"
Srinivasapur APMC,"[{'arrivalDate': '01/08/2026', 'total_arrivals': 153.60000000000002, 'data': [{'arrivals': 153.60000000000002, 'variety': 'Tomato', 'minimumPrice': 400.0, 'maximumPrice': 1000.0, 'modalPrice': 600.0}]}, {'arrivalDate': '02/08/2026', 'total_arrivals': 177.8, 'data': [{'arrivals': 177.8, 'variety': 'Tomato', 'minimumPrice': 267.0, 'maximumPrice': 1000.0, 'modalPrice': 733.0}]}, {'arrivalDate': '03/08/2026', 'total_arrivals': 112.4, 'data': [{'arrivals': 112.4, 'variety': 'Tomato', 'minimumPrice': 466.0, 'maximumPrice': 1133.0, 'modalPrice': 666.0}]}, {'arrivalDate': '04/08/2026', 'total_arrivals': 144.6, 'data': [{'arrivals': 144.6, 'variety': 'Tomato', 'minimumPrice': 333.0, 'maximumPrice': 1000.0, 'modalPrice': 733.0}]}, {'arrivalDate': '05/08/2026', 'total_arrivals': 127.10000000000001, 'data': [{'arrivals': 127.10000000000001, 'variety': 'Tomato', 'minimumPrice': 533.0, 'maximumPrice': 1133.0, 'modalPrice': 666.0}]}, {'arrivalDate': '06/08/2026', 'total_arrivals': 138.1, 'data': [{'arrivals': 138.1, 'variety': 'Tomato', 'minimumPrice': 333.0, 'maximumPrice': 1000.0, 'modalPrice': 800.0}]}, {'arrivalDate': '07/08/2026', 'total_arrivals': 116.9, 'data': [{'arrivals': 116.9, 'variety': 'Tomato', 'minimumPrice': 600.0, 'maximumPrice': 1133.0, 'modalPrice': 733.0}]}, {'arrivalDate': '08/08/2026', 'total_arrivals': 115.5, 'data': [{'arrivals': 115.5, 'variety': 'Tomato', 'minimumPrice': 267.0, 'maximumPrice': 1000.0, 'modalPrice': 733.0}]}, {'arrivalDate': '09/08/2026', 'total_arrivals': 92.7, 'data': [{'arrivals': 92.7, 'variety': 'Tomato', 'minimumPrice': 533.0, 'maximumPrice': 1133.0, 'modalPrice': 800.0}]}, {'arrivalDate': '10/08/2026', 'total_arrivals': 85.5, 'data': [{'arrivals': 85.5, 'variety': 'Tomato', 'minimumPrice': 333.0, 'maximumPrice': 1533.0, 'modalPrice': 1066.0}]}, {'arrivalDate': '11/08/2026', 'total_arrivals': 56.5, 'data': [{'arrivals': 56.5, 'variety': 'Tomato', 'minimumPrice': 1000.0, 'maximumPrice': 2200.0, 'modalPrice': 1333.0}]}, {'arrivalDate': '12/08/2026', 'total_arrivals': 97.5, 'data': [{'arrivals': 97.5, 'variety': 'Tomato', 'minimumPrice': 267.0, 'maximumPrice': 1333.0, 'modalPrice': 933.0}]}, {'arrivalDate': '13/08/2026', 'total_arrivals': 75.60000000000001, 'data': [{'arrivals': 75.60000000000001, 'variety': 'Tomato', 'minimumPrice': 466.0, 'maximumPrice': 1000.0, 'modalPrice': 600.0}]}, {'arrivalDate': '14/08/2026', 'total_arrivals': 56.300000000000004, 'data': [{'arrivals': 56.300000000000004, 'variety': 'Tomato', 'minimumPrice': 333.0, 'maximumPrice': 1067.0, 'modalPrice': 667.0}]}, {'arrivalDate': '15/08/2026', 'total_arrivals': 33.0, 'data': [{'arrivals': 33.0, 'variety': 'Tomato', 'minimumPrice': 600.0, 'maximumPrice': 1466.0, 'modalPrice': 933.0}]}, {'arrivalDate': '16/08/2026', 'total_arrivals': 50.400000000000006, 'data': [{'arrivals': 50.400000000000006, 'variety': 'Tomato', 'minimumPrice': 333.0, 'maximumPrice': 1333.0, 'modalPrice': 933.0}]}, {'arrivalDate': '17/08/2026', 'total_arrivals': 35.1, 'data': [{'arrivals': 35.1, 'variety': 'Tomato', 'minimumPrice': 533.0, 'maximumPrice': 1133.0, 'modalPrice': 800.0}]}, {'arrivalDate': '18/08/2026', 'total_arrivals': 32.9, 'data': [{'arrivals': 32.9, 'variety': 'Tomato', 'minimumPrice': 333.0, 'maximumPrice': 867.0, 'modalPrice': 533.0}]}, {'arrivalDate': '19/08/2026', 'total_arrivals': 28.200000000000003, 'data': [{'arrivals': 28.200000000000003, 'variety': 'Tomato', 'minimumPrice': 400.0, 'maximumPrice': 833.0, 'modalPrice': 533.0}]}, {'arrivalDate': '20/08/2026', 'total_arrivals': 44.400000000000006, 'data': [{'arrivals': 44.400000000000006, 'variety': 'Tomato', 'minimumPrice': 333.0, 'maximumPrice': 933.0, 'modalPrice': 667.0}]}, {'arrivalDate': '21/08/2026', 'total_arrivals': 22.8, 'data': [{'arrivals': 22.8, 'variety': 'Tomato', 'minimumPrice': 466.0, 'maximumPrice': 833.0, 'modalPrice': 600.0}]}, {'arrivalDate': '22/08/2026', 'total_arrivals': 71.5, 'data': [{'arrivals': 71.5, 'variety': 'Tomato', 'minimumPrice': 466.0, 'maximumPrice': 866.0, 'modalPrice': 666.0}]}, {'arrivalDate': '23/08/2026', 'total_arrivals': 15.5, 'data': [{'arrivals': 15.5, 'variety': 'Tomato', 'minimumPrice': 333.0, 'maximumPrice': 666.0, 'modalPrice': 533.0}]}, {'arrivalDate': '24/08/2026', 'total_arrivals': 10.9, 'data': [{'arrivals': 10.9, 'variety': 'Tomato', 'minimumPrice': 333.0, 'maximumPrice': 933.0, 'modalPrice': 667.0}]}, {'arrivalDate': '25/08/2026', 'total_arrivals': 12.9, 'data': [{'arrivals': 12.9, 'variety': 'Tomato', 'minimumPrice': 333.0, 'maximumPrice': 866.0, 'modalPrice': 666.0}]}, {'arrivalDate': '26/08/2026', 'total_arrivals': 15.3, 'data': [{'arrivals': 15.3, 'variety': 'Tomato', 'minimumPrice': 333.0, 'maximumPrice': 667.0, 'modalPrice': 467.0}]}, {'arrivalDate': '27/08/2026', 'total_arrivals': 15.700000000000001, 'data': [{'arrivals': 15.700000000000001, 'variety': 'Tomato', 'minimumPrice': 333.0, 'maximumPrice': 800.0, 'modalPrice': 466.0}]}, {'arrivalDate': '28/08/2026', 'total_arrivals': 6.300000000000001, 'data': [{'arrivals': 6.300000000000001, 'variety': 'Tomato', 'minimumPrice': 333.0, 'maximumPrice': 667.0, 'modalPrice': 467.0}]}, {'arrivalDate': '29/08/2026', 'total_arrivals': 5.800000000000001, 'data': [{'arrivals': 5.800000000000001, 'variety': 'Tomato', 'minimumPrice': 400.0, 'maximumPrice': 933.0, 'modalPrice': 533.0}]}, {'arrivalDate': '31/08/2026', 'total_arrivals': 11.9, 'data': [{'arrivals': 11.9, 'variety': 'Tomato', 'minimumPrice': 400.0, 'maximumPrice': 933.0, 'modalPrice': 733.0}]}]"
T. Narasipura APMC,"[{'arrivalDate': '03/08/2026', 'total_arrivals': 3.0, 'data': [{'arrivals': 3.0, 'variety': 'Tomato', 'minimumPrice': 1000.0, 'maximumPrice': 1500.0, 'modalPrice': 1000.0}]}, {'arrivalDate': '06/08/2026', 'total_arrivals': 0.8, 'data': [{'arrivals': 0.8, 'variety': 'Tomato', 'minimumPrice': 1500.0, 'maximumPrice': 2000.0, 'modalPrice': 2000.0}]}, {'arrivalDate': '07/08/2026', 'total_arrivals': 1.5, 'data': [{'arrivals': 1.5, 'variety': 'Tomato', 'minimumPrice': 800.0, 'maximumPrice': 1000.0, 'modalPrice': 1000.0}]}, {'arrivalDate': '10/08/2026', 'total_arrivals': 1.3, 'data': [{'arrivals': 1.3, 'variety': 'Tomato', 'minimumPrice': 800.0, 'maximumPrice': 1000.0, 'modalPrice': 1000.0}]}, {'arrivalDate': '12/08/2026', 'total_arrivals': 1.5, 'data': [{'arrivals': 1.5, 'variety': 'Tomato', 'minimumPrice': 800.0, 'maximumPrice': 1000.0, 'modalPrice': 1000.0}]}, {'arrivalDate': '14/08/2026', 'total_arrivals': 0.8, 'data': [{'arrivals': 0.8, 'variety': 'Tomato', 'minimumPrice': 1500.0, 'maximumPrice': 2000.0, 'modalPrice': 2000.0}]}, {'arrivalDate': '17/08/2026', 'total_arrivals': 4.5, 'data': [{'arrivals': 4.5, 'variety': 'Tomato', 'minimumPrice': 1000.0, 'maximumPrice': 2000.0, 'modalPrice': 1000.0}]}, {'arrivalDate': '19/08/2026', 'total_arrivals': 1.5, 'data': [{'arrivals': 1.5, 'variety': 'Tomato', 'minimumPrice': 1500.0, 'maximumPrice': 2000.0, 'modalPrice': 2000.0}]}, {'arrivalDate': '24/08/2026', 'total_arrivals': 3.0, 'data': [{'arrivals': 3.0, 'variety': 'Tomato', 'minimumPrice': 1000.0, 'maximumPrice': 1500.0, 'modalPrice': 1000.0}]}, {'arrivalDate': '27/08/2026', 'total_arrivals': 2.3000000000000003, 'data': [{'arrivals': 2.3000000000000003, 'variety': 'Tomato', 'minimumPrice': 2000.0, 'maximumPrice': 2500.0, 'modalPrice': 2000.0}]}, {'arrivalDate': '29/08/2026', 'total_arrivals': 1.5, 'data': [{'arrivals': 1.5, 'variety': 'Tomato', 'minimumPrice': 800.0, 'maximumPrice': 1000.0, 'modalPrice': 1000.0}]}, {'arrivalDate': '31/08/2026', 'total_arrivals': 1.6, 'data': [{'arrivals': 1.6, 'variety': 'Tomato', 'minimumPrice': 1500.0, 'maximumPrice': 2000.0, 'modalPrice': 2000.0}]}]"
Tumakuru APMC,"[{'arrivalDate': '01/08/2026', 'total_arrivals': 27.0, 'data': [{'arrivals': 27.0, 'variety': 'Tomato', 'minimumPrice': 500.0, 'maximumPrice': 880.0, 'modalPrice': 620.0}]}, {'arrivalDate': '03/08/2026', 'total_arrivals': 24.0, 'data': [{'arrivals': 24.0, 'variety': 'Tomato', 'minimumPrice': 550.0, 'maximumPrice': 900.0, 'modalPrice': 700.0}]}, {'arrivalDate': '04/08/2026', 'total_arrivals': 18.0, 'data': [{'arrivals': 18.0, 'variety': 'Tomato', 'minimumPrice': 400.0, 'maximumPrice': 700.0, 'modalPrice': 550.0}]}, {'arrivalDate': '06/08/2026', 'total_arrivals': 8.0, 'data': [{'arrivals': 8.0, 'variety': 'Tomato', 'minimumPrice': 400.0, 'maximumPrice': 750.0, 'modalPrice': 580.0}]}, {'arrivalDate': '07/08/2026', 'total_arrivals': 16.0, 'data': [{'arrivals': 16.0, 'variety': 'Tomato', 'minimumPrice': 450.0, 'maximumPrice': 700.0, 'modalPrice': 600.0}]}, {'arrivalDate': '11/08/2026', 'total_arrivals': 18.0, 'data': [{'arrivals': 18.0, 'variety': 'Tomato', 'minimumPrice': 400.0, 'maximumPrice': 750.0, 'modalPrice': 600.0}]}, {'arrivalDate': '13/08/2026', 'total_arrivals': 11.0, 'data': [{'arrivals': 11.0, 'variety': 'Tomato', 'minimumPrice': 550.0, 'maximumPrice': 880.0, 'modalPrice': 660.0}]}, {'arrivalDate': '14/08/2026', 'total_arrivals': 26.0, 'data': [{'arrivals': 26.0, 'variety': 'Tomato', 'minimumPrice': 600.0, 'maximumPrice': 850.0, 'modalPrice': 680.0}]}, {'arrivalDate': '18/08/2026', 'total_arrivals': 18.0, 'data': [{'arrivals': 18.0, 'variety': 'Tomato', 'minimumPrice': 550.0, 'maximumPrice': 900.0, 'modalPrice': 660.0}]}, {'arrivalDate': '24/08/2026', 'total_arrivals': 41.0, 'data': [{'arrivals': 41.0, 'variety': 'Tomato', 'minimumPrice': 600.0, 'maximumPrice': 1000.0, 'modalPrice': 750.0}]}, {'arrivalDate': '25/08/2026', 'total_arrivals': 18.0, 'data': [{'arrivals': 18.0, 'variety': 'Tomato', 'minimumPrice': 500.0, 'maximumPrice': 950.0, 'modalPrice': 620.0}]}, {'arrivalDate': '29/08/2026', 'total_arrivals': 16.0, 'data': [{'arrivals': 16.0, 'variety': 'Tomato', 'minimumPrice': 650.0, 'maximumPrice': 1100.0, 'modalPrice': 850.0}]}, {'arrivalDate': '31/08/2026', 'total_arrivals': 21.0, 'data': [{'arrivals': 21.0, 'variety': 'Tomato', 'minimumPrice': 600.0, 'maximumPrice': 1200.0, 'modalPrice': 900.0}]}]"
